week,line,margin,year
3,-10.5,6,2000
3,-3.0,9,2000
3,-2.5,-3,2000
3,-6.0,-10,2000
3,-1.5,8,2000
3,-1.5,-13,2000
3,-1.0,-13,2000
3,-4.5,-32,2000
3,-17.0,-17,2000
3,-3.0,-1,2003
3,-6.5,21,2003
3,-7.5,-7,2003
2,-7.5,-15,2003
3,-5.5,2,2006
3,-6.0,-7,2003
3,-4.0,-21,2012
3,-3.0,5,2012
3,-7.0,-17,2012
3,-4.0,-3,2012
3,-3.0,29,2012
2,-3.0,-6,2012
2,-7.0,-8,2012
4,-3.0,7,2013
4,-4.5,-24,2013
4,-4.0,10,2013
5,-3.0,4,2012
4,-11.5,-32,2013
4,-2.0,3,2013
4,-4.0,24,2013
6,-1.5,-10,2013
6,-1.0,13,2013
8,-4.5,-40,2013
8,-3.0,-1,2013
8,-5.5,8,2013
8,-7.0,-6,2013
8,-9.0,13,2013
10,-3.0,-13,2013
8,-15.0,32,2013
13,-3.0,-3,2013
13,-1.0,-10,2013
13,-6.0,7,2013
13,-7.5,-10,2013
13,-6.5,-30,2013
13,-2.5,-2,2013
13,-3.5,-8,2013
13,-7.0,4,2013
13,-3.5,-4,2013
13,-1.0,7,2013
13,-4.5,-27,2013
13,-7.0,3,2013
13,-2.0,20,2013
13,-7.0,-21,2013
20,-8.5,-13,2009
19,-9.0,3,2009
18,-4.0,19,2009
19,-2.5,-31,2009
18,-2.5,-7,2009
18,-2.5,10,2009
20,-3.5,-7,2009
18,-3.5,-20,2009
17,-8.0,-23,2009
17,-10.0,-37,2009
17,-3.0,10,2009
17,-3.0,26,2009
20,-3.5,-7,2008
20,-6.0,-9,2008
19,-6.5,-11,2008
17,-4.5,14,2009
19,-4.0,12,2008
19,-3.0,3,2008
19,-10.0,20,2008
17,-7.0,-1,2008
19,-6.5,-17,2009
17,-2.5,7,2008
17,-5.5,13,2008
17,-11.0,-10,2008
19,-7.0,-31,2009
17,-1.5,2,2008
17,-3.0,-7,2008
17,-14.0,-4,2008
17,-1.5,-10,2008
17,-11.5,-31,2008
17,-3.0,-23,2008
17,-7.0,-13,2008
17,-7.0,-31,2008
18,-2.0,-6,2008
18,-3.5,12,2008
17,-2.0,-38,2008
17,-3.0,-3,2008
17,-10.5,7,2008
17,-10.5,-20,2008
16,-4.0,-7,2008
18,-2.5,-3,2008
12,-4.5,21,2013
12,-1.5,4,2013
12,-2.5,-10,2013
13,-7.5,-7,2013
12,-3.0,-29,2013
18,-3.5,18,2008
12,-9.0,3,2013
12,-10.0,7,2013
12,-3.5,3,2013
12,-3.0,3,2013
12,-9.5,4,2013
12,-1.0,16,2013
11,-3.0,-4,2013
11,-5.5,-21,2013
12,-3.0,-16,2013
12,-5.0,4,2013
11,-1.5,-23,2013
11,-4.5,-8,2013
12,-5.0,-13,2013
11,-8.0,13,2013
11,-7.5,-10,2013
11,-3.0,-3,2013
11,-1.0,-13,2013
11,-3.0,-7,2013
11,-3.0,-10,2013
11,-1.5,-4,2013
11,-4.0,-14,2013
11,-9.0,5,2013
11,-12.5,-21,2013
10,-1.5,-3,2013
10,-6.5,-32,2013
11,-3.0,3,2013
20,-7.5,15,2012
20,-4.5,4,2012
19,-9.5,-13,2012
19,-3.0,-2,2012
19,-3.0,-14,2012
19,-9.0,-7,2012
18,-4.0,-6,2012
18,-7.0,-15,2012
17,-3.0,5,2012
17,-3.0,-6,2012
18,-3.0,10,2012
17,-3.5,-19,2012
17,-9.5,-14,2012
17,-3.0,2,2012
17,-3.0,-3,2012
17,-3.0,-10,2012
17,-4.0,6,2012
18,-11.0,-14,2012
17,-5.5,-18,2012
17,-16.5,-14,2012
17,-6.0,-12,2012
17,-6.5,-35,2012
17,-10.0,-28,2012
16,-6.0,7,2012
17,-17.0,-35,2012
17,-12.0,-7,2012
16,-3.5,3,2012
16,-7.5,17,2012
17,-8.0,-3,2012
16,-5.0,-14,2012
16,-3.0,15,2012
16,-3.0,-11,2012
16,-2.0,-29,2012
16,-3.0,10,2012
16,-9.5,-11,2012
16,-14.5,7,2012
16,-11.0,-22,2012
16,-6.0,7,2012
16,-2.5,-19,2012
16,-7.0,15,2012
16,-4.0,13,2012
16,-11.0,-48,2012
15,-1.0,-4,2012
15,-3.0,24,2012
15,-4.5,-15,2012
17,-3.0,-6,2011
20,-4.0,-5,2010
20,-3.5,7,2010
19,-10.0,-11,2010
19,-9.5,7,2010
19,-1.5,27,2010
19,-3.0,-7,2010
18,-3.0,23,2010
18,-2.5,5,2010
18,-2.0,1,2010
17,-4.0,-17,2010
18,-10.0,-5,2010
17,-6.0,-31,2010
17,-9.5,-6,2010
17,-10.5,-7,2010
17,-14.5,-21,2010
17,-1.5,-31,2010
17,-6.0,-31,2010
17,-3.5,-7,2010
17,-7.0,10,2010
17,-3.5,5,2010
17,-3.0,-10,2010
17,-4.5,21,2010
17,-6.5,32,2010
17,-4.0,3,2010
17,-9.5,-3,2010
16,-14.5,10,2010
16,-2.5,3,2010
16,-9.0,31,2010
16,-2.5,-1,2010
16,-3.5,7,2010
16,-2.5,5,2010
16,-3.0,-28,2010
week,line,margin,year
17,-7.0,10,1998
3,-1.5,-13,2000
3,-1.0,-13,2000
3,-4.5,-32,2000
3,-17.0,-17,2000
3,-3.0,21,2000
3,-6.0,5,2000
3,-2.0,7,2000
3,-4.0,-3,2000
8,-2.5,-10,2002
8,-2.0,3,2002
8,-4.5,6,2002
8,-1.0,-5,2002
8,-2.0,-18,2002
9,-7.5,-24,2013
9,-3.0,-3,2013
8,-11.5,5,2013
8,-11.0,-24,2013
8,-11.0,-18,2013
9,-6.5,-6,2013
11,-8.0,13,2013
13,-7.0,4,2013
14,-10.0,-9,2007
14,-10.5,-21,2007
13,-4.5,-27,2013
14,-3.0,3,2007
14,-2.5,-14,2007
14,-10.0,-31,2007
16,-5.0,-5,2007
16,-6.5,-23,2007
20,-3.5,7,2010
20,-4.0,-5,2010
19,-10.0,-11,2010
19,-9.5,7,2010
19,-3.0,-7,2010
18,-3.0,23,2010
19,-1.5,27,2010
18,-2.5,5,2010
18,-2.0,1,2010
18,-10.0,-5,2010
17,-4.0,-17,2010
17,-6.0,-31,2010
20,-14.0,-9,2007
20,-7.5,0,2007
19,-11.0,4,2007
19,-7.0,4,2007
17,-9.5,-6,2010
18,-3.0,10,2007
19,-13.5,-11,2007
19,-7.5,-22,2007
18,-10.0,-11,2007
18,-3.5,-21,2007
18,-2.5,2,2007
17,-7.0,-14,2007
17,-3.0,-21,2007
17,-4.5,0,2007
17,-9.0,-21,2007
17,-3.0,13,2007
17,-2.5,8,2007
17,-1.0,-8,2007
17,-9.0,-8,2007
17,-3.0,-2,2007
17,-11.5,-13,2007
17,-9.0,13,2007
17,-2.0,-3,2007
17,-6.0,-29,2007
17,-3.0,-6,2007
17,-4.5,6,2007
17,-13.5,3,2007
16,-8.5,-20,2007
20,-7.5,15,2012
20,-4.5,4,2012
19,-9.0,-7,2012
18,-7.0,-15,2012
18,-3.0,10,2012
19,-3.0,-2,2012
19,-3.0,-14,2012
18,-4.0,-6,2012
19,-9.5,-13,2012
18,-11.0,-14,2012
17,-3.0,5,2012
17,-3.0,-6,2012
17,-3.5,-19,2012
17,-9.5,-14,2012
17,-3.0,2,2012
17,-3.0,-10,2012
17,-3.0,-3,2012
17,-4.0,6,2012
17,-16.5,-14,2012
17,-5.5,-18,2012
17,-10.5,-7,2010
17,-14.5,-21,2010
17,-1.5,-31,2010
17,-6.0,-31,2010
17,-7.0,10,2010
17,-3.5,5,2010
17,-3.0,-10,2010
17,-3.5,-7,2010
17,-9.5,-3,2010
17,-4.5,21,2010
17,-6.5,32,2010
17,-4.0,3,2010
16,-14.5,10,2010
16,-2.5,3,2010
16,-9.0,31,2010
16,-3.5,7,2010
16,-2.5,5,2010
16,-2.5,-1,2010
16,-3.0,-28,2010
16,-3.0,-4,2010
16,-4.0,-20,2010
16,-4.0,10,2010
16,-8.0,-14,2010
16,-2.5,-8,2010
16,-7.5,-1,2010
16,-6.0,-23,2010
16,-14.5,-24,2010
16,-6.5,-4,2010
15,-7.0,26,2010
15,-6.0,16,2010
15,-5.5,3,2010
15,-2.5,-7,2010
20,-8.5,-13,2009
19,-9.0,3,2009
19,-2.5,-31,2009
19,-7.0,-31,2009
19,-6.5,-17,2009
20,-3.5,-7,2009
18,-4.0,19,2009
18,-2.5,10,2009
18,-3.5,-20,2009
17,-3.0,10,2009
17,-4.5,14,2009
17,-10.0,-37,2009
17,-8.0,-23,2009
17,-3.0,26,2009
18,-2.5,-7,2009
17,-2.0,-6,2009
17,-10.0,20,2009
17,-10.0,-13,2009
20,-3.5,-7,2008
20,-6.0,-9,2008
19,-6.5,-11,2008
19,-10.0,20,2008
19,-3.0,3,2008
18,-3.5,18,2008
18,-3.5,12,2008
18,-2.5,-3,2008
18,-2.0,-6,2008
19,-4.0,12,2008
17,-1.5,-10,2008
17,-5.5,13,2008
17,-7.0,-1,2008
17,-2.5,7,2008
17,-11.0,-10,2008
17,-3.0,-7,2008
17,-1.5,2,2008
17,-10.5,7,2008
17,-10.5,-20,2008
17,-3.0,-3,2008
17,-14.0,-4,2008
16,-4.5,17,2008
17,-3.0,-23,2008
16,-4.0,-7,2008
16,-6.5,7,2008
16,-3.0,-5,2007
16,-3.0,7,2008
16,-7.5,-28,2007
16,-4.0,-8,2008
16,-10.5,-3,2007
16,-22.5,-21,2007
16,-3.0,17,2007
16,-6.5,11,2007
17,-11.5,-31,2008
17,-2.0,-38,2008
17,-7.0,-31,2008
16,-9.0,-4,2007
16,-7.0,-2,2007
16,-13.5,-21,2007
16,-13.5,-38,2007
17,-7.0,-13,2008
15,-10.0,7,2007
15,-3.5,-7,2007
16,-10.5,7,2007
15,-10.5,-7,2007
16,-8.0,17,2007
15,-12.5,-34,2007
16,-3.0,15,2007
15,-9.5,-37,2007
15,-7.0,19,2007
15,-5.0,-8,2007
15,-3.0,-6,2007
15,-6.5,12,2007
15,-3.0,7,2007
15,-3.5,9,2007
15,-8.0,-3,2007
15,-20.5,-10,2007
15,-10.0,4,2007
15,-2.5,-18,2007
14,-4.5,20,2007
15,-8.5,-7,2007
14,-10.5,-31,2007
14,-9.0,24,2007
14,-1.0,-1,2007
14,-3.5,6,2007
14,-10.5,1,2007
14,-7.5,-21,2007
14,-7.5,-34,2007
14,-8.5,20,2007
17,-6.0,-12,2012
14,-7.0,-21,2007
17,-10.0,-28,2012
17,-17.0,-35,2012
17,-12.0,-7,2012
17,-6.5,-35,2012
17,-8.0,-3,2012
16,-3.0,15,2012
16,-6.0,7,2012
16,-7.5,17,2012
16,-3.5,3,2012
16,-5.0,-14,2012
16,-3.0,10,2012
16,-3.0,-11,2012
16,-2.0,-29,2012
16,-9.5,-11,2012
16,-14.5,7,2012
16,-6.0,7,2012
16,-11.0,-22,2012
16,-11.0,-48,2012
16,-2.5,-19,2012
16,-7.0,15,2012
16,-4.0,13,2012
15,-3.0,24,2012
15,-4.5,-15,2012
15,-1.0,-4,2012
15,-3.0,8,2012
15,-5.0,7,2012
15,-10.5,-12,2012
15,-4.0,17,2012
15,-3.0,17,2012
15,-2.5,-7,2012
15,-7.5,-21,2012
15,-2.5,14,2012
15,-3.5,-41,2012
15,-6.5,-28,2012
17,-3.0,-6,2011
17,-2.0,1,2011
17,-2.0,4,2011
17,-10.0,-28,2011
17,-3.0,12,2011
17,-12.5,7,2011
17,-2.5,4,2011
17,-2.0,-2,2011
17,-7.0,-24,2011
17,-7.0,-28,2011
17,-3.0,-17,2011
17,-6.5,-4,2011
17,-2.5,-3,2011
17,-9.5,-21,2011
17,-2.5,8,2011
17,-7.0,4,2011
16,-7.0,-29,2011
16,-13.0,-14,2011
15,-8.0,-16,2010
15,-4.0,-3,2010
15,-4.0,5,2010
15,-3.0,7,2010
15,-2.5,-6,2010
15,-3.0,14,2010
15,-1.0,-14,2010
15,-4.5,-10,2010
15,-14.5,-4,2010
14,-5.5,18,2010
15,-10.5,-27,2010
14,-3.0,-9,2010
14,-7.0,-4,2010
14,-4.0,-30,2010
14,-7.5,21,2010
14,-10.0,-31,2010
14,-5.5,4,2010
14,-8.0,-16,2010
14,-3.0,29,2010
14,-1.5,1,2010
14,-5.0,-19,2010
14,-9.0,-18,2010
14,-3.5,-7,2010
14,-4.0,3,2010
14,-4.0,2,2010
13,-4.0,-42,2010
13,-5.5,-18,2010
13,-6.0,3,2010
15,-9.5,-3,2010
13,-5.5,4,2010
13,-5.0,-17,2010
17,-7.5,-7,2009
17,-7.0,22,2009
17,-3.0,-3,2009
17,-10.0,8,2009
17,-3.0,6,2009
17,-6.0,4,2009
17,-8.0,-37,2009
16,-8.5,-7,2009
16,-8.5,32,2009
16,-8.0,-28,2009
16,-7.0,-3,2009
16,-14.0,-14,2009
17,-3.0,-24,2009
16,-2.0,7,2009
16,-9.0,-28,2009
16,-7.0,17,2009
16,-13.0,-7,2009
16,-3.0,14,2009
16,-14.0,3,2009
16,-13.5,-38,2009
16,-16.0,-21,2009
16,-3.0,-14,2009
16,-3.0,-3,2009
16,-2.0,25,2009
15,-3.0,33,2009
15,-14.0,7,2009
15,-3.0,7,2009
15,-7.0,-3,2009
15,-11.0,-24,2009
15,-7.0,3,2009
15,-14.0,3,2009
15,-4.5,0,2009
15,-6.5,17,2009
15,-2.5,-1,2009
16,-2.0,14,2008
16,-8.0,-40,2008
16,-6.0,-7,2008
16,-3.5,7,2008
16,-3.5,-10,2008
16,-7.0,35,2008
16,-7.0,-11,2008
16,-3.5,1,2008
16,-5.5,9,2008
16,-6.0,7,2008
15,-16.0,-20,2008
15,-3.5,21,2008
15,-3.0,-12,2008
15,-2.5,-4,2008
15,-3.0,-1,2008
15,-7.5,-20,2008
15,-8.0,-4,2008
15,-5.5,-5,2008
15,-17.0,-10,2008
15,-4.5,0,2008
15,-6.5,-7,2008
15,-2.5,3,2008
15,-7.0,23,2008
15,-3.0,4,2008
15,-3.0,-3,2008
14,-3.0,-15,2008
14,-2.0,13,2008
15,-5.5,1,2008
14,-3.0,-4,2008
16,-3.0,-17,2008
14,-13.5,-32,2008
14,-13.5,-19,2008
14,-3.0,-8,2007
14,-7.0,3,2008
13,-4.5,-32,2007
13,-18.5,3,2007
13,-7.0,-14,2007
13,-3.0,-14,2007
13,-6.5,1,2007
13,-3.0,-12,2007
13,-3.0,4,2007
13,-3.5,-8,2007
13,-7.0,-3,2007
13,-3.0,-17,2007
13,-3.0,4,2007
13,-1.0,27,2007
13,-1.0,5,2007
13,-6.5,-10,2007
12,-9.0,-22,2007
13,-6.0,14,2007
12,-3.0,-10,2007
12,-1.0,-14,2007
15,-5.0,33,2012
15,-5.0,21,2012
12,-16.0,-3,2007
14,-1.5,-7,2012
14,-5.5,-28,2012
14,-1.5,-8,2012
14,-3.5,1,2012
14,-10.0,-58,2012
14,-4.5,-25,2012
14,-3.0,7,2012
14,-3.5,-10,2012
14,-6.5,-7,2012
14,-3.0,3,2012
14,-4.0,-4,2012
14,-7.0,2,2012
14,-7.5,10,2012
14,-10.5,-14,2012
14,-7.0,-23,2012
14,-10.5,13,2012
13,-3.0,-1,2012
13,-7.0,2,2012
13,-6.0,-6,2012
13,-6.0,-16,2012
13,-6.0,-1,2012
13,-7.5,-9,2012
13,-7.0,14,2012
13,-3.5,3,2012
13,-8.0,-11,2012
13,-2.5,7,2012
16,-6.0,7,2011
16,-1.0,-28,2011
16,-3.0,15,2011
16,-2.5,13,2011
16,-7.5,-32,2011
16,-11.0,-6,2011
16,-7.5,-3,2011
16,-2.5,2,2011
16,-3.0,-26,2011
16,-10.0,-27,2011
16,-4.0,-7,2011
16,-3.0,-4,2011
16,-7.0,-3,2011
15,-3.0,-17,2011
16,-8.5,-6,2011
15,-11.5,-5,2011
15,-3.0,-26,2011
15,-6.5,-10,2011
15,-7.5,18,2011
15,-3.5,24,2011
15,-6.5,-14,2011
15,-1.5,1,2011
15,-6.0,13,2011
15,-6.0,15,2011
15,-7.5,22,2011
15,-7.0,16,2011
15,-1.5,7,2011
15,-2.5,-20,2011
15,-7.0,7,2011
15,-13.5,-27,2011
14,-7.0,-27,2011
14,-7.5,7,2011
14,-9.5,-17,2011
14,-3.0,16,2011
14,-10.5,-27,2011
14,-10.0,-6,2011
14,-3.0,8,2011
14,-3.5,5,2011
14,-16.5,-14,2011
14,-3.0,1,2011
14,-11.5,-30,2011
14,-3.5,-2,2011
14,-3.0,-27,2011
13,-5.0,-24,2010
13,-3.0,4,2010
13,-9.0,-18,2010
13,-3.0,11,2010
13,-8.0,-4,2010
13,-3.0,3,2010
13,-13.0,15,2010
13,-3.5,13,2010
13,-7.5,-24,2010
13,-7.0,4,2010
12,-2.0,21,2010
12,-7.5,-4,2010
13,-8.0,-10,2010
12,-2.0,18,2010
12,-3.0,16,2010
12,-2.5,4,2010
12,-7.5,-1,2010
12,-5.0,-20,2010
12,-7.0,-6,2010
12,-3.5,-5,2010
12,-3.0,3,2010
12,-2.0,22,2010
12,-7.5,-7,2010
12,-2.0,-3,2010
12,-7.5,21,2010
12,-9.5,-16,2010
11,-9.0,-21,2010
12,-4.5,3,2010
15,-7.5,-14,2009
15,-14.0,1,2009
15,-7.0,7,2009
15,-9.0,-19,2009
15,-7.5,7,2009
14,-4.0,-15,2009
15,-3.0,4,2009
14,-14.0,-45,2009
14,-4.0,7,2009
14,-6.0,-20,2009
14,-12.5,-10,2009
14,-6.5,-12,2009
14,-2.5,6,2009
14,-2.0,4,2009
14,-2.5,21,2009
14,-3.5,3,2009
14,-14.0,-40,2009
14,-10.0,3,2009
14,-7.0,-27,2009
14,-1.0,7,2009
14,-3.5,23,2009
14,-10.0,-7,2009
13,-4.0,-13,2009
13,-8.0,0,2009
13,-3.0,-13,2009
13,-1.5,-5,2009
13,-13.5,-10,2009
13,-6.0,31,2009
13,-1.5,-7,2009
14,-6.5,-13,2008
14,-9.0,-7,2008
14,-10.5,4,2008
14,-5.0,-10,2008
14,-14.5,-24,2008
14,-6.5,-14,2008
14,-7.5,3,2008
14,-4.0,-7,2008
14,-7.0,6,2008
14,-9.0,-27,2008
13,-3.0,-13,2008
13,-3.0,4,2008
13,-5.0,-20,2008
13,-4.0,4,2008
13,-8.0,17,2008
13,-2.5,23,2008
13,-6.5,7,2008
13,-6.5,6,2008
13,-7.0,31,2008
13,-4.0,16,2008
13,-3.5,7,2008
13,-3.5,-3,2008
13,-7.0,4,2008
13,-12.0,-25,2008
13,-3.0,-28,2008
13,-11.0,37,2008
12,-1.0,-22,2008
12,-3.0,23,2008
13,-3.5,-4,2013
13,-1.0,7,2013
13,-3.5,-8,2013
13,-7.0,3,2013
13,-2.0,20,2013
13,-7.0,-21,2013
13,-1.0,-10,2013
13,-3.0,-3,2013
13,-6.0,7,2013
13,-7.5,-10,2013
13,-6.5,-30,2013
12,-4.5,21,2013
13,-2.5,-2,2013
13,-7.5,-7,2013
12,-2.5,-10,2013
12,-1.5,4,2013
12,-3.0,-29,2013
12,-3.0,3,2013
12,-3.0,-16,2013
12,-10.0,7,2013
12,-3.5,3,2013
12,-9.0,3,2013
12,-1.0,16,2013
12,-5.0,4,2013
12,-5.0,-13,2013
12,-9.5,4,2013
11,-3.0,-4,2013
11,-5.5,-21,2013
11,-4.5,-8,2013
12,-7.5,24,2007
11,-1.5,-23,2013
12,-3.0,25,2007
11,-3.0,-3,2013
12,-3.0,-6,2007
12,-1.0,-29,2007
12,-24.5,-3,2007
12,-4.0,3,2007
12,-9.0,-18,2007
12,-3.0,5,2007
12,-10.5,-4,2007
12,-14.5,-31,2007
12,-14.0,18,2007
11,-10.0,-14,2007
12,-3.0,11,2007
11,-5.5,-7,2007
11,-3.5,8,2007
11,-14.5,-3,2007
11,-9.5,-10,2007
11,-1.0,-13,2007
11,-2.0,-13,2007
11,-16.0,46,2007
11,-2.5,6,2007
11,-3.0,24,2007
11,-3.0,-7,2007
11,-11.0,-5,2007
11,-3.0,4,2007
11,-4.5,-7,2007
11,-9.5,-3,2007
10,-9.0,-24,2007
10,-9.5,-3,2007
10,-3.0,14,2007
10,-3.5,11,2007
10,-3.5,-2,2007
10,-2.5,3,2007
10,-4.0,7,2007
10,-1.5,11,2007
10,-2.5,16,2007
10,-2.0,-10,2007
13,-2.5,3,2012
13,-7.5,-8,2012
13,-10.5,-5,2012
13,-7.5,3,2012
13,-3.5,-10,2012
12,-3.0,8,2012
13,-9.0,7,2012
12,-3.5,-5,2012
12,-2.5,-28,2012
12,-8.0,-24,2012
12,-1.5,10,2012
12,-6.5,-18,2012
12,-3.0,-3,2012
12,-1.5,1,2012
12,-1.0,14,2012
12,-2.0,-6,2012
12,-10.5,8,2012
12,-3.0,-7,2012
12,-1.0,0,2012
12,-7.0,30,2012
12,-4.0,-4,2012
12,-3.5,7,2012
11,-5.0,-25,2012
11,-3.5,-25,2012
11,-9.5,-4,2012
11,-15.5,-11,2012
11,-7.5,-7,2012
11,-3.0,4,2012
11,-3.0,3,2012
11,-3.0,22,2012
11,-10.0,-35,2012
11,-6.5,21,2012
11,-7.0,-17,2012
11,-1.5,-1,2012
14,-3.5,-10,2011
14,-4.5,3,2011
14,-14.0,-11,2011
13,-20.5,-7,2011
13,-3.0,24,2011
13,-7.0,3,2011
13,-3.0,-20,2011
13,-9.0,7,2011
13,-1.5,3,2011
13,-2.5,19,2011
13,-3.0,15,2011
13,-7.0,-28,2011
13,-4.5,-7,2011
13,-9.0,-14,2011
13,-14.5,-26,2011
13,-7.0,14,2011
13,-1.0,6,2011
13,-2.0,-7,2011
13,-3.0,-17,2011
12,-7.0,-25,2011
12,-7.0,-3,2011
12,-3.5,8,2011
12,-9.5,-4,2011
12,-2.5,3,2011
12,-10.5,4,2011
12,-3.5,18,2011
12,-3.0,6,2011
12,-3.0,-5,2011
12,-10.0,-10,2011
12,-6.5,7,2011
12,-5.5,3,2011
12,-3.0,-6,2011
12,-3.5,-10,2011
12,-7.0,-1,2011
12,-4.5,12,2011
11,-6.0,7,2011
11,-7.0,-7,2011
11,-17.0,-31,2011
11,-1.5,-4,2011
11,-13.5,-9,2011
11,-4.5,-11,2011
11,-7.0,-14,2011
11,-6.5,-6,2011
11,-3.0,17,2011
11,-2.0,6,2011
11,-10.0,-16,2011
11,-3.5,17,2010
11,-7.0,-4,2011
11,-4.0,18,2010
11,-2.5,-4,2010
11,-4.5,-3,2010
11,-7.0,-18,2010
11,-7.0,-16,2010
11,-6.5,-3,2010
11,-7.0,0,2010
11,-3.0,28,2010
11,-3.5,21,2010
11,-11.0,-15,2010
11,-13.5,24,2010
11,-7.0,-32,2010
11,-3.5,-10,2010
11,-2.0,16,2010
10,-3.5,31,2010
10,-1.5,-2,2010
10,-12.5,13,2010
10,-7.0,-6,2010
10,-7.0,-15,2010
10,-1.0,-20,2010
10,-3.5,-1,2010
10,-1.0,-14,2010
10,-1.0,-12,2010
13,-5.0,-1,2009
10,-4.5,13,2010
13,-3.5,-10,2009
13,-6.0,-10,2009
13,-4.0,27,2009
13,-9.0,-8,2009
13,-1.0,-3,2009
13,-3.5,6,2009
12,-1.5,-21,2009
13,-15.0,3,2009
13,-13.5,7,2009
12,-3.5,-11,2009
12,-3.0,8,2009
12,-2.0,-3,2009
12,-12.0,-9,2009
12,-10.0,-26,2009
12,-3.0,-17,2009
12,-13.5,-29,2009
12,-10.0,-3,2009
12,-12.5,-3,2009
12,-3.5,10,2009
12,-8.0,-3,2009
12,-13.5,-17,2009
12,-3.5,-17,2009
12,-11.5,22,2009
12,-4.5,-20,2009
11,-3.5,3,2009
11,-8.5,-3,2009
11,-9.0,8,2009
11,-1.5,2,2009
11,-3.0,-1,2009
11,-8.5,-3,2009
11,-11.0,-17,2009
11,-7.0,-7,2009
11,-10.5,31,2009
11,-10.5,-1,2009
12,-1.0,-17,2008
12,-3.0,10,2008
12,-2.0,20,2008
12,-9.0,21,2008
12,-3.0,8,2008
12,-9.5,-13,2008
12,-5.5,21,2008
12,-3.0,3,2008
12,-2.0,-29,2008
12,-3.0,3,2008
12,-2.5,18,2008
12,-7.0,24,2008
12,-11.5,-17,2008
11,-5.0,2,2008
11,-6.0,10,2008
11,-8.0,-6,2008
11,-14.0,-9,2008
12,-8.0,18,2008
11,-6.5,4,2008
11,-10.0,-2,2008
11,-3.5,-34,2008
11,-3.0,10,2008
11,-9.0,0,2008
11,-5.5,-6,2008
11,-2.0,4,2008
11,-4.5,-1,2008
11,-7.0,-20,2008
11,-3.0,6,2008
11,-3.5,-7,2008
11,-7.0,-19,2008
17,-6.5,-5,1999
17,-7.0,6,1999
17,-3.5,14,1999
17,-1.5,-25,1999
17,-4.0,11,1999
17,-7.0,-7,1999
17,-9.0,-17,1999
17,-7.5,-25,1999
17,-8.0,-7,1999
17,-3.0,-11,1999
17,-1.0,-17,1999
17,-10.0,-16,2001
17,-2.5,38,2001
17,-5.5,2,2001
17,-3.0,-5,2001
17,-6.5,-27,2001
17,-4.5,2,2001
17,-3.0,4,2001
17,-3.0,9,2001
17,-3.5,-3,2001
17,-6.5,32,2001
17,-8.5,-7,2006
17,-9.0,-12,2006
17,-2.0,10,2006
17,-6.0,-8,2006
17,-2.5,-5,2006
17,-9.0,-5,2006
17,-14.0,-7,2006
17,-14.0,8,2006
17,-2.5,19,2006
17,-10.0,-4,2006
17,-3.0,16,2006
17,-2.5,20,2006
17,-10.5,-20,2006
17,-6.0,-8,2006
17,-3.0,17,2006
16,-3.0,3,2006
16,-7.0,16,2006
16,-4.0,6,2006
16,-9.5,-3,2006
16,-3.0,-1,2006
16,-6.0,5,2006
16,-3.0,3,2006
16,-6.0,7,2006
16,-3.0,23,2006
16,-2.0,-3,2006
17,-2.0,6,2006
17,-2.5,-5,2004
17,-1.0,-4,2004
17,-3.5,-8,2004
17,-9.5,5,2004
17,-2.5,7,2004
17,-11.0,-7,2004
17,-13.0,-14,2004
17,-6.5,-7,2004
17,-4.0,-3,2004
17,-4.0,-5,2004
17,-4.0,28,2004
17,-3.0,17,2004
17,-10.0,-19,2004
17,-5.5,-2,2004
17,-7.0,3,2004
17,-10.0,8,2004
16,-4.0,-13,2004
16,-6.0,-6,2004
16,-1.5,17,2004
16,-10.0,34,2004
16,-7.0,-3,2004
16,-6.5,-1,2004
16,-6.5,-13,2004
16,-9.0,-3,2004
16,-6.5,21,2004
16,-2.5,-3,2004
16,-7.0,-15,2004
16,-5.0,-13,2004
17,-12.0,-10,2003
17,-1.0,-6,2003
17,-8.5,8,2003
17,-10.0,-28,2003
17,-7.5,-28,2003
17,-3.5,-2,2003
17,-7.5,-1,2003
17,-4.0,-20,2003
17,-9.0,3,2003
17,-9.5,-31,2003
17,-4.5,13,2003
17,-2.5,-7,2003
17,-6.0,-7,2003
17,-6.0,-3,2003
17,-2.5,7,2003
17,-9.0,24,2003
16,-5.5,34,2003
16,-5.5,3,2003
16,-15.5,-18,2003
16,-4.0,-3,2003
16,-6.5,-16,2003
16,-6.5,14,2003
17,-13.5,-31,2000
17,-2.5,0,2000
17,-3.5,5,2000
11,-3.0,-7,2013
11,-7.5,-10,2013
11,-4.0,-14,2013
11,-3.0,-10,2013
11,-1.5,-4,2013
17,-7.0,-17,2000
11,-12.5,-21,2013
11,-1.0,-13,2013
11,-3.0,3,2013
10,-1.5,-3,2013
10,-6.5,-32,2013
11,-9.0,5,2013
10,-3.0,-13,2013
10,-4.0,23,2013
10,-7.0,8,2013
10,-1.0,0,2013
10,-6.0,1,2013
10,-1.0,14,2013
10,-9.0,30,2013
10,-13.0,2,2013
10,-7.0,-4,2013
10,-3.0,-3,2013
9,-1.0,29,2013
9,-3.5,10,2013
9,-15.0,-10,2013
9,-10.5,7,2013
9,-1.0,-6,2013
9,-6.0,-24,2013
9,-9.5,-4,2013
9,-1.0,3,2013
10,-3.5,15,2007
9,-3.0,7,2013
10,-2.5,8,2007
10,-6.0,-34,2007
9,-9.5,-31,2007
9,-3.5,0,2007
9,-3.0,7,2007
9,-3.0,21,2007
10,-10.5,8,2007
9,-2.5,11,2007
9,-3.5,-7,2007
9,-5.0,4,2007
9,-1.0,-12,2007
9,-7.0,-18,2007
9,-3.0,-17,2007
9,-1.5,-14,2007
9,-3.5,-4,2007
9,-5.5,-13,2007
9,-3.0,-37,2007
8,-3.0,3,2007
8,-6.0,9,2007
8,-14.5,-45,2007
8,-10.0,3,2007
8,-10.0,-25,2007
8,-3.5,1,2007
8,-6.5,24,2007
11,-3.5,14,2012
11,-2.5,-5,2012
10,-13.0,-3,2012
10,-7.0,34,2012
10,-3.0,-10,2012
10,-5.5,-21,2012
10,-3.0,-10,2012
10,-1.5,-4,2012
10,-2.5,15,2012
10,-13.5,-6,2012
10,-13.0,-17,2012
10,-4.5,-18,2012
10,-4.0,22,2012
10,-7.5,-35,2012
10,-3.5,17,2012
10,-1.0,7,2012
9,-3.5,4,2012
9,-10.5,-14,2012
9,-3.0,-15,2012
9,-4.0,-10,2012
9,-1.0,10,2012
9,-4.5,-6,2012
9,-3.5,10,2012
9,-2.0,-3,2012
9,-6.0,17,2012
9,-5.0,31,2012
9,-11.5,-12,2012
9,-3.0,8,2012
9,-5.5,8,2012
9,-7.0,-18,2012
8,-3.0,-1,2012
8,-7.0,21,2012
8,-7.0,38,2012
8,-16.0,-9,2012
8,-3.0,13,2012
8,-1.0,10,2012
11,-3.0,-27,2011
11,-6.5,-4,2011
10,-13.0,-38,2011
10,-3.0,14,2011
10,-4.0,28,2011
10,-4.0,7,2011
10,-7.0,-5,2011
10,-3.5,27,2011
10,-4.0,-7,2011
10,-3.0,1,2011
10,-4.5,-37,2011
10,-13.0,4,2011
10,-1.0,-7,2011
10,-3.0,-24,2011
10,-4.0,-11,2011
10,-2.5,21,2011
10,-3.5,7,2011
10,-7.0,7,2011
9,-8.0,6,2011
9,-9.0,-11,2011
9,-3.5,3,2011
9,-3.0,7,2011
9,-4.0,28,2011
9,-10.5,-18,2011
9,-9.0,4,2011
9,-3.0,-7,2011
9,-2.5,16,2011
9,-6.0,7,2011
9,-4.5,8,2011
9,-7.5,14,2011
9,-11.0,-10,2011
8,-3.0,-7,2011
8,-10.0,-10,2011
8,-3.0,3,2011
10,-4.5,-10,2010
9,-7.0,24,2011
10,-4.0,18,2010
9,-5.5,6,2010
10,-1.0,-5,2010
9,-5.0,-16,2010
9,-3.0,-2,2010
8,-14.0,-10,2011
9,-7.0,-38,2010
9,-3.0,3,2010
9,-7.5,-14,2010
9,-6.5,31,2010
9,-5.5,-4,2010
9,-4.0,-20,2010
9,-3.0,6,2010
8,-5.5,-13,2010
8,-1.0,-10,2010
9,-9.0,-6,2010
8,-2.0,-30,2010
9,-7.5,34,2010
8,-2.5,-8,2010
8,-6.0,-8,2010
8,-7.0,-3,2010
8,-2.5,-10,2010
8,-6.0,9,2010
8,-3.0,-12,2010
8,-6.5,18,2010
8,-3.0,3,2010
8,-1.0,8,2010
7,-3.5,6,2010
8,-5.5,-10,2010
7,-3.5,-7,2010
7,-3.0,3,2010
7,-9.0,-22,2010
11,-6.0,-6,2009
11,-11.0,-26,2009
7,-3.0,-18,2010
7,-12.5,13,2010
11,-6.0,29,2009
11,-11.5,-7,2009
11,-3.5,7,2009
10,-11.0,16,2009
10,-17.0,-17,2009
11,-3.5,4,2009
10,-3.0,-10,2009
10,-7.5,-24,2009
10,-1.0,-9,2009
10,-6.5,6,2009
10,-6.5,2,2009
10,-2.5,6,2009
10,-10.0,-2,2009
10,-8.5,-11,2009
10,-1.5,-8,2009
10,-3.5,-10,2009
10,-1.5,-1,2009
9,-3.0,18,2009
10,-14.5,5,2009
9,-4.5,1,2009
9,-9.5,-10,2009
10,-3.0,-4,2009
9,-10.0,-12,2009
9,-3.0,20,2009
9,-3.0,4,2009
9,-13.0,-10,2009
9,-8.5,-3,2009
9,-7.0,-3,2009
9,-10.5,-10,2009
9,-9.0,-14,2009
9,-3.0,-10,2009
9,-4.0,7,2009
8,-12.0,-8,2009
10,-9.5,-5,2008
10,-3.0,7,2008
10,-1.5,-14,2008
10,-5.0,24,2008
10,-3.5,-10,2008
10,-9.5,-44,2008
10,-2.5,-1,2008
10,-7.5,-2,2008
10,-2.5,28,2008
10,-9.5,11,2008
10,-3.5,4,2008
10,-14.5,-1,2008
10,-1.5,5,2008
10,-3.0,4,2008
9,-8.5,-21,2008
9,-7.5,-2,2008
9,-2.5,17,2008
9,-12.5,-4,2008
9,-3.5,0,2008
9,-5.5,-7,2008
9,-6.5,-3,2008
9,-5.0,9,2008
9,-4.0,9,2008
9,-2.5,10,2008
9,-6.5,19,2008
9,-9.5,0,2008
9,-3.0,24,2008
9,-3.0,21,2008
8,-4.0,-10,2008
8,-9.0,-29,2008
8,-5.5,-4,2008
8,-3.0,-5,2008
8,-1.5,-4,2008
8,-7.0,8,2008
8,-7.0,6,2008
17,-2.0,-11,2002
17,-2.5,-8,2002
17,-8.5,-7,2002
17,-9.5,10,2002
17,-7.0,15,2002
17,-8.0,-3,2002
17,-7.5,-6,2002
17,-7.5,-18,2002
17,-3.5,2,2002
17,-3.0,-5,2002
17,-2.0,-11,2002
17,-1.5,-25,2002
17,-13.5,-30,2002
17,-6.0,4,2002
17,-1.0,-7,2002
17,-8.5,-24,2002
16,-4.5,10,2002
16,-3.5,-12,2002
16,-7.0,-7,2002
16,-3.0,18,2002
16,-6.5,-10,2002
16,-4.5,17,2002
16,-3.5,13,2002
16,-10.5,-21,2002
16,-6.5,-16,2002
16,-2.5,1,2002
16,-4.0,-10,2002
16,-1.5,-2,2002
16,-3.5,3,2002
16,-7.0,24,2002
16,-3.0,-3,2002
16,-2.5,-20,2002
17,-3.5,33,2005
17,-7.0,11,2005
17,-6.0,-4,2005
17,-12.5,10,2005
17,-3.0,-6,2005
17,-4.0,-27,2005
17,-3.0,2,2005
17,-13.0,-14,2005
17,-1.0,0,2005
17,-15.5,-14,2005
17,-3.0,-4,2005
17,-3.0,-24,2005
17,-1.5,-4,2005
17,-7.5,-34,2005
16,-4.0,10,2005
16,-2.5,-7,2005
17,-7.0,16,2005
17,-7.5,9,2005
16,-7.0,7,2005
16,-13.0,10,2005
16,-5.5,4,2005
16,-1.0,-13,2005
16,-5.5,-14,2005
16,-3.0,-15,2005
16,-9.0,4,2005
16,-3.0,1,2005
17,-8.5,-32,1999
16,-6.0,18,2005
17,-5.0,-4,1999
17,-6.5,-8,1999
17,-1.0,-10,1999
16,-10.0,-22,1999
16,-3.5,7,1999
16,-3.0,-4,1999
16,-13.5,1,1999
16,-3.0,-9,1999
16,-2.5,17,1999
16,-3.5,-10,1999
16,-2.0,-23,1999
16,-3.0,-3,1999
16,-3.5,-19,1999
16,-3.0,-27,1999
16,-7.0,6,1999
15,-4.5,-4,1999
16,-7.0,-22,1999
16,-4.5,10,1999
16,-8.5,-7,1999
15,-14.5,10,1999
15,-6.0,1,1999
15,-6.5,-3,1999
15,-1.5,-7,1999
15,-1.0,-45,1999
15,-3.0,-18,1999
15,-8.5,-23,1999
15,-10.5,-21,1999
15,-10.0,-13,1999
15,-3.0,10,1999
15,-7.5,-3,1999
15,-3.5,-15,1999
17,-7.0,-21,2001
15,-7.5,-17,1999
17,-3.5,-3,2001
17,-14.5,-18,2001
17,-6.0,-20,2001
17,-2.0,-19,2001
16,-1.5,3,2001
16,-4.5,4,2001
16,-5.0,-3,2001
16,-5.0,30,2001
16,-1.0,23,2001
16,-1.0,-6,2001
16,-6.5,-6,2001
16,-8.0,-13,2001
16,-7.0,5,2001
16,-5.0,3,2001
16,-13.0,-25,2001
16,-12.0,-11,2001
16,-5.5,24,2001
16,-7.0,-7,2001
16,-1.5,-12,2001
15,-4.0,-3,2001
15,-2.5,30,2001
15,-3.5,-3,2001
15,-10.5,-16,2001
15,-10.0,-33,2001
15,-2.5,-27,2001
15,-1.0,5,2001
15,-1.0,1,2001
15,-3.0,-3,2001
15,-3.5,-7,2001
15,-12.5,6,2001
15,-7.5,-23,2001
15,-6.0,3,2001
14,-6.0,13,2001
15,-3.0,-7,2001
15,-3.0,-10,2001
16,-4.0,24,2006
16,-3.0,15,2006
16,-5.5,1,2006
16,-7.0,11,2006
16,-4.0,-2,2006
16,-4.5,3,2006
15,-3.5,-18,2006
15,-12.5,-33,2006
15,-6.0,-8,2006
15,-2.5,17,2006
15,-3.5,-7,2006
15,-12.0,-10,2006
15,-3.0,13,2006
15,-9.0,-11,2006
15,-1.0,-21,2006
15,-9.5,6,2006
15,-13.5,-7,2006
15,-2.0,20,2006
15,-2.5,34,2006
15,-6.0,14,2006
15,-3.5,10,2006
15,-10.0,10,2006
14,-6.5,15,2006
14,-4.0,11,2006
14,-7.0,-28,2006
14,-1.0,-27,2006
14,-3.5,18,2006
14,-3.0,11,2006
14,-3.0,-21,2006
14,-1.0,10,2006
14,-6.5,25,2006
14,-3.5,-6,2006
14,-3.0,10,2006
14,-10.5,-17,2006
16,-4.0,21,2004
15,-8.0,21,2004
15,-3.0,16,2004
15,-6.5,-23,2004
15,-10.0,-1,2004
15,-3.0,-28,2004
15,-7.5,4,2004
15,-3.5,3,2004
15,-3.0,-24,2004
15,-3.5,-5,2004
15,-7.5,-10,2004
15,-11.5,-5,2004
15,-3.0,1,2004
16,-9.5,-1,2004
15,-1.0,19,2004
16,-3.5,3,2004
15,-6.5,10,2004
15,-3.5,-7,2004
15,-10.0,3,2004
14,-2.5,11,2004
14,-11.0,-30,2004
14,-10.5,-7,2004
14,-4.5,-11,2004
14,-7.0,-15,2004
14,-8.0,3,2004
14,-4.0,-7,2004
14,-7.5,-25,2004
14,-10.0,-23,2004
14,-11.5,-3,2004
14,-9.0,-3,2004
14,-7.0,-13,2004
14,-6.5,4,2004
14,-7.0,14,2004
16,-3.0,-1,2003
16,-7.0,-17,2003
16,-3.0,35,2003
16,-7.5,-6,2003
16,-3.0,17,2003
16,-7.0,-4,2003
16,-12.5,-16,2003
16,-3.0,5,2003
16,-6.5,2,2003
15,-3.0,7,2003
16,-3.0,-25,2003
15,-11.5,-13,2003
15,-5.0,-2,2003
15,-7.0,3,2003
15,-11.5,-10,2003
15,-14.5,-28,2003
15,-3.0,-6,2003
15,-3.0,-3,2003
15,-3.0,-3,2003
15,-5.0,17,2003
15,-7.0,-5,2003
15,-7.5,-31,2003
15,-7.5,-38,2003
17,-9.0,-43,2000
17,-4.0,3,2000
15,-6.0,-14,2003
17,-6.0,-14,2000
17,-4.5,-16,2000
17,-10.0,3,2000
17,-3.0,-21,2000
17,-3.0,13,2000
17,-10.5,-9,2000
17,-4.0,-3,2000
17,-7.0,-29,2000
17,-3.0,19,2000
16,-1.0,-3,2000
16,-16.0,24,2000
16,-6.5,4,2000
16,-6.5,3,2000
16,-3.0,-13,2000
16,-4.5,-4,2000
8,-15.0,32,2013
8,-7.0,-6,2013
8,-4.5,-40,2013
8,-3.0,-1,2013
8,-5.5,8,2013
8,-9.0,13,2013
8,-1.0,-3,2013
8,-2.5,-14,2013
8,-6.0,-10,2013
8,-6.0,18,2013
7,-3.5,-16,2013
7,-1.0,-4,2013
7,-3.0,0,2013
7,-7.0,18,2013
7,-7.0,2,2013
7,-6.5,-1,2013
7,-6.5,-6,2013
7,-9.5,-18,2013
7,-3.0,14,2013
7,-3.0,14,2013
7,-2.5,-3,2013
7,-2.5,3,2013
7,-6.5,-8,2013
7,-7.0,-15,2013
7,-6.0,12,2013
6,-1.5,-10,2013
6,-5.0,-15,2013
6,-1.0,13,2013
6,-26.5,-16,2013
6,-2.5,14,2013
6,-7.0,25,2013
6,-1.0,-3,2013
8,-3.0,7,2007
8,-1.5,21,2007
8,-3.0,10,2007
8,-4.0,11,2007
7,-5.5,3,2007
8,-1.0,7,2007
8,-7.0,-4,2007
7,-3.0,22,2007
7,-7.5,-6,2007
7,-8.0,-2,2007
7,-1.5,2,2007
7,-9.5,-10,2007
7,-15.5,21,2007
7,-2.0,2,2007
7,-7.5,-27,2007
7,-9.5,-18,2007
7,-6.0,-7,2007
7,-4.5,-3,2007
7,-3.0,-5,2007
7,-2.5,-7,2007
6,-5.5,21,2007
6,-7.0,-20,2007
6,-6.0,15,2007
6,-4.0,-10,2007
6,-4.5,3,2007
6,-5.0,21,2007
6,-4.5,7,2007
6,-9.0,-19,2007
6,-3.0,-3,2007
6,-9.5,-14,2007
6,-2.5,-7,2007
6,-6.5,11,2007
6,-2.5,-3,2007
5,-11.0,1,2007
8,-7.5,-1,2012
8,-6.5,-20,2012
5,-3.5,3,2007
8,-4.5,-15,2012
8,-3.0,3,2012
8,-1.0,21,2012
8,-2.5,5,2012
8,-3.0,-4,2012
8,-5.5,19,2012
7,-6.5,-6,2012
7,-6.5,-7,2012
7,-6.5,-4,2012
7,-4.5,1,2012
7,-5.0,10,2012
7,-1.0,7,2012
7,-1.0,-4,2012
7,-10.5,-3,2012
7,-6.5,-30,2012
7,-1.5,7,2012
7,-6.0,-10,2012
7,-7.5,-7,2012
7,-2.5,5,2012
6,-5.0,-3,2012
6,-2.0,-10,2012
6,-10.0,-3,2012
6,-5.0,0,2012
6,-4.0,-1,2012
6,-2.0,-12,2012
6,-5.0,-28,2012
6,-4.0,18,2012
6,-7.0,23,2012
6,-3.0,-26,2012
8,-7.5,-17,2011
6,-3.5,-7,2012
6,-6.5,-3,2012
5,-10.0,6,2012
8,-1.5,22,2011
6,-3.0,-2,2012
8,-3.0,-27,2011
8,-4.0,-23,2011
8,-11.5,-3,2011
8,-3.0,-8,2011
8,-10.0,-3,2011
8,-9.5,-10,2011
7,-10.5,-5,2011
7,-2.5,-13,2011
7,-4.5,7,2011
7,-11.0,6,2011
8,-3.5,35,2011
7,-14.0,-55,2011
7,-2.0,6,2011
7,-2.5,34,2011
7,-1.0,-6,2011
7,-14.0,-27,2011
7,-3.5,28,2011
7,-4.5,12,2011
7,-3.0,-3,2011
7,-1.0,-6,2011
6,-7.5,-18,2011
6,-3.5,-14,2011
6,-14.0,-21,2011
6,-3.0,-3,2011
6,-6.5,-6,2011
6,-12.5,-4,2011
6,-2.5,-29,2011
6,-4.5,-10,2011
6,-5.0,6,2011
6,-7.0,-15,2011
6,-3.0,7,2011
7,-2.5,-4,2010
7,-7.0,45,2010
7,-2.5,-3,2010
7,-12.5,0,2010
7,-3.0,-1,2010
7,-1.5,3,2010
7,-3.0,1,2010
7,-6.5,-12,2010
6,-3.0,27,2010
6,-3.0,3,2010
6,-14.0,-18,2010
6,-1.5,-14,2010
6,-6.5,-7,2011
6,-4.5,-4,2010
6,-10.0,-8,2010
6,-3.0,-7,2010
6,-5.5,25,2010
6,-3.5,4,2010
6,-7.0,-8,2010
6,-8.5,-3,2010
6,-6.0,3,2010
6,-1.5,-3,2010
6,-3.0,-10,2010
5,-4.5,-9,2010
5,-3.0,10,2010
8,-16.5,-8,2009
8,-1.0,-23,2009
8,-3.5,21,2009
6,-7.0,-4,2011
8,-3.5,5,2009
8,-3.0,-17,2009
8,-3.5,-23,2009
8,-13.5,-24,2009
8,-10.0,13,2009
8,-13.5,-4,2009
8,-3.0,12,2009
7,-9.0,10,2009
8,-9.5,-21,2009
8,-4.0,7,2009
7,-15.5,28,2009
7,-6.0,-10,2009
7,-7.0,11,2009
7,-5.5,30,2009
7,-9.0,28,2009
7,-3.0,-3,2009
7,-6.0,38,2009
7,-2.0,-35,2009
7,-14.5,36,2009
7,-6.5,12,2009
6,-3.5,11,2009
6,-14.0,-13,2009
7,-5.0,-16,2009
7,-8.0,7,2009
6,-14.0,-26,2009
6,-3.5,11,2009
8,-9.0,-7,2008
6,-9.5,3,2009
8,-3.0,7,2008
8,-5.5,21,2008
8,-9.5,-13,2008
8,-8.0,-19,2008
8,-14.0,-4,2008
7,-3.0,-34,2008
8,-1.0,-9,2008
7,-3.0,-23,2008
7,-1.0,-9,2008
7,-3.0,-7,2008
7,-8.5,28,2008
7,-8.0,-20,2008
7,-3.0,14,2008
7,-9.0,24,2008
7,-2.5,-20,2008
7,-11.5,-7,2008
7,-10.0,-12,2008
7,-3.0,-3,2008
7,-11.5,-10,2008
6,-8.0,-21,2008
6,-1.0,-24,2008
7,-7.0,-3,2008
6,-3.0,-2,2008
6,-5.0,14,2008
6,-5.0,-10,2008
6,-3.0,7,2008
6,-8.0,-12,2008
6,-7.0,-31,2008
6,-1.0,10,2008
6,-3.0,-1,2008
6,-13.0,-2,2008
6,-4.0,-28,2008
6,-6.0,-20,2008
6,-13.5,2,2008
5,-3.0,3,2008
15,-2.5,-17,2002
15,-2.0,5,2002
15,-1.5,-6,2002
15,-3.0,14,2002
15,-5.0,-30,2002
15,-7.0,1,2002
15,-11.0,-2,2002
15,-7.5,-13,2002
15,-9.0,-16,2002
15,-3.0,6,2002
15,-3.0,4,2002
15,-6.5,-7,2002
15,-3.0,-7,2002
15,-9.5,3,2002
15,-3.5,-7,2002
14,-10.5,-18,2002
15,-9.5,-1,2002
14,-4.5,4,2002
14,-3.5,-24,2002
14,-1.5,-6,2002
14,-9.5,-4,2002
14,-14.0,18,2002
14,-4.5,-39,2002
14,-1.0,-10,2002
14,-1.0,-3,2002
14,-3.0,6,2002
14,-3.0,7,2002
14,-3.0,-21,2002
14,-2.0,12,2002
14,-3.5,20,2002
14,-2.5,1,2002
14,-3.5,-10,2002
13,-6.0,-6,2002
13,-9.0,-49,2002
13,-3.0,2,2002
13,-7.5,7,2002
13,-3.5,3,2002
13,-9.5,-10,2002
16,-7.0,-15,2005
16,-3.0,-10,2005
16,-12.5,-19,2005
16,-7.0,41,2005
16,-1.0,-6,2005
15,-3.5,-45,2005
15,-7.5,9,2005
15,-7.0,17,2005
15,-3.0,2,2005
15,-1.0,-11,2005
15,-3.0,-28,2005
15,-3.0,-13,2005
15,-7.5,-4,2005
15,-3.0,1,2005
15,-3.0,15,2005
15,-7.5,4,2005
15,-14.5,-1,2005
15,-7.5,24,2005
15,-4.5,-28,2005
15,-8.0,11,2005
14,-3.5,28,2005
14,-15.5,-38,2005
14,-7.0,-14,2005
14,-10.0,-19,2005
15,-3.0,-10,2005
14,-13.5,2,2005
14,-3.0,-16,2005
14,-3.0,-3,2005
14,-5.5,-3,2005
14,-14.0,-2,2005
14,-7.5,8,2005
14,-6.5,-3,2005
14,-3.0,4,2005
14,-4.0,-12,2005
14,-12.5,-3,2005
14,-3.0,-3,2005
14,-5.5,10,2005
15,-8.5,-16,1999
14,-9.0,-3,1999
14,-7.0,-16,1999
14,-4.0,-7,1999
14,-3.0,-19,1999
14,-1.0,-3,1999
14,-10.5,16,1999
14,-7.0,-5,1999
14,-8.0,2,1999
14,-9.0,-10,1999
14,-3.0,-8,1999
14,-9.5,3,1999
14,-1.5,7,1999
14,-5.5,-25,1999
14,-8.0,2,1999
14,-3.0,-7,1999
13,-2.5,-7,1999
13,-3.0,-14,1999
13,-1.0,-9,1999
13,-7.5,-13,1999
13,-3.5,16,1999
13,-2.5,-13,1999
13,-4.0,-23,1999
13,-3.5,6,1999
13,-2.0,3,1999
13,-2.0,-7,1999
13,-7.0,-4,1999
13,-7.0,13,1999
13,-3.5,-27,1999
13,-3.5,-16,1999
13,-10.5,-14,1999
12,-6.0,17,1999
12,-10.0,0,1999
14,-2.5,-3,2001
14,-2.5,-24,2001
12,-4.0,-10,1999
12,-11.0,7,1999
14,-3.0,5,2001
14,-2.5,-6,2001
14,-8.5,-1,2001
14,-2.5,14,2001
14,-3.5,-21,2001
14,-4.0,-14,2001
14,-4.0,-3,2001
14,-3.0,-3,2001
14,-4.0,7,2001
14,-5.0,-4,2001
14,-2.0,5,2001
14,-5.5,-26,2001
13,-5.0,-35,2001
13,-6.0,-13,2001
13,-3.5,-7,2001
13,-7.0,-10,2001
13,-5.0,-11,2001
13,-2.0,10,2001
13,-3.5,-1,2001
13,-8.0,-3,2001
13,-5.5,-10,2001
13,-9.0,-2,2001
13,-2.5,-18,2001
13,-3.0,18,2001
13,-7.0,-13,2001
13,-1.0,4,2001
14,-2.0,2,2006
14,-2.5,14,2006
14,-7.5,-20,2006
14,-1.5,0,2006
13,-3.0,-3,2006
13,-6.5,14,2006
13,-3.5,3,2006
13,-1.5,10,2006
13,-7.5,-3,2006
13,-13.5,-7,2006
13,-3.5,9,2006
13,-5.0,-14,2006
13,-7.0,-17,2006
13,-7.0,-24,2006
13,-4.0,3,2006
13,-5.5,3,2006
13,-9.0,-10,2006
13,-2.5,-6,2006
12,-3.0,-3,2006
12,-5.5,-15,2006
12,-10.0,-10,2006
12,-6.0,-5,2006
12,-3.0,30,2006
12,-3.5,-4,2006
12,-6.0,-4,2006
12,-3.0,18,2006
12,-9.5,-24,2006
12,-3.0,-27,2006
12,-4.5,-3,2006
12,-2.5,17,2006
12,-11.0,-28,2006
14,-10.0,9,2004
14,-7.0,-19,2004
13,-7.0,4,2004
12,-13.0,-7,2006
13,-3.0,-3,2004
13,-2.0,11,2004
13,-5.5,-30,2004
13,-3.0,1,2004
13,-7.0,-10,2004
13,-7.0,-22,2004
13,-6.0,-14,2004
13,-11.0,-10,2004
13,-11.0,27,2004
13,-12.0,-27,2004
13,-6.5,1,2004
13,-3.0,-24,2004
13,-5.0,10,2004
13,-1.0,7,2004
12,-3.5,-3,2006
13,-2.0,-27,2004
12,-7.0,-28,2004
12,-9.0,-3,2004
12,-11.5,1,2004
12,-10.0,-9,2004
12,-7.0,21,2004
12,-3.0,10,2004
12,-4.0,29,2004
12,-2.0,-10,2004
12,-6.0,-10,2004
12,-3.0,-7,2004
12,-3.0,3,2004
12,-7.0,-21,2004
12,-6.0,-11,2004
11,-3.0,8,2004
11,-4.5,6,2004
12,-8.5,32,2004
12,-3.5,-14,2004
11,-1.5,3,2004
15,-3.0,27,2003
11,-6.0,21,2004
15,-7.0,-8,2003
14,-5.5,6,2003
14,-5.0,-18,2003
14,-3.0,-12,2003
14,-7.5,-13,2003
14,-3.0,-18,2003
14,-5.5,-20,2003
14,-10.5,-36,2003
14,-3.0,7,2003
14,-3.0,-11,2003
14,-3.0,13,2003
14,-1.0,-7,2003
14,-3.5,2,2003
14,-3.0,7,2003
14,-1.0,-27,2003
14,-5.5,-26,2003
13,-3.0,-7,2003
14,-9.5,-27,2003
13,-3.5,4,2003
13,-1.0,4,2003
13,-1.5,9,2003
13,-6.0,-31,2003
13,-4.5,-25,2003
13,-6.5,-27,2003
13,-3.0,17,2003
13,-3.0,14,2003
13,-3.0,-4,2003
13,-3.0,4,2003
13,-3.0,-38,2003
13,-3.0,-7,2003
16,-7.5,5,2000
16,-8.5,-8,2000
16,-10.0,-16,2000
16,-6.0,-17,2000
16,-15.0,6,2000
16,-10.5,-3,2000
16,-6.0,-3,2000
16,-1.0,-21,2000
16,-3.0,7,2000
15,-6.0,-24,2000
15,-14.0,11,2000
15,-3.0,4,2000
15,-3.5,-11,2000
15,-2.5,3,2000
15,-2.0,-7,2000
15,-13.5,-21,2000
15,-13.0,-32,2000
15,-3.5,-24,2000
15,-15.0,-34,2000
15,-6.0,-19,2000
15,-3.5,-13,2000
15,-10.0,-7,2000
15,-2.5,-1,2000
15,-3.5,-20,2000
14,-14.5,-48,2000
14,-1.0,-6,2000
14,-2.5,22,2000
14,-2.5,-10,2000
14,-3.5,27,2000
14,-10.0,-20,2000
14,-4.0,-11,2000
14,-8.0,-13,2000
14,-3.0,2,2000
14,-6.0,2,2000
6,-3.0,11,2013
6,-6.0,-11,2013
6,-7.5,-17,2013
6,-13.0,-7,2013
6,-10.0,-12,2013
6,-2.5,2,2013
6,-7.0,-6,2013
5,-9.5,2,2013
6,-1.0,25,2013
5,-3.0,-6,2013
5,-1.5,15,2013
5,-9.0,3,2013
5,-1.5,8,2013
5,-11.0,-14,2013
5,-9.5,-13,2013
5,-1.0,-7,2013
5,-3.0,9,2013
5,-4.5,-31,2013
5,-5.0,-10,2013
5,-2.5,3,2013
5,-3.0,-16,2013
4,-2.5,-8,2013
5,-4.0,-13,2013
4,-7.5,-21,2013
4,-3.5,-25,2013
4,-4.0,-3,2013
4,-2.5,3,2013
4,-9.5,34,2013
4,-1.5,-9,2013
4,-4.5,-11,2013
4,-3.0,-7,2013
4,-4.5,-24,2013
4,-11.5,-32,2013
4,-3.0,7,2013
4,-2.0,3,2013
4,-4.0,10,2013
4,-4.0,24,2013
3,-16.5,-16,2013
3,-1.0,-21,2013
3,-3.0,-3,2013
3,-7.0,4,2013
3,-1.0,7,2013
3,-3.5,-24,2013
3,-7.5,-24,2013
3,-10.0,20,2013
3,-20.0,-28,2013
3,-2.5,17,2013
3,-3.0,-4,2013
3,-3.0,-38,2013
5,-15.5,-17,2007
5,-4.0,3,2007
5,-3.5,7,2007
5,-7.5,-7,2007
5,-9.0,-19,2007
5,-5.0,-21,2007
5,-4.0,-31,2007
5,-1.0,38,2007
5,-3.0,2,2007
5,-4.0,-11,2007
5,-5.5,-3,2007
5,-2.0,10,2007
4,-7.5,21,2007
4,-1.0,7,2007
4,-12.0,14,2007
4,-2.5,-10,2007
4,-2.5,-10,2007
4,-10.0,-18,2007
4,-3.0,-3,2007
4,-2.5,-13,2007
4,-3.0,13,2007
4,-1.0,20,2007
4,-3.5,18,2007
4,-4.5,-14,2007
4,-5.0,-7,2007
3,-4.5,17,2007
4,-13.0,-28,2007
3,-6.5,6,2007
3,-3.0,-2,2007
3,-3.0,-3,2007
3,-7.0,-3,2007
3,-16.5,-31,2007
3,-3.0,24,2007
3,-4.0,7,2007
3,-3.0,9,2007
3,-3.0,-3,2007
3,-5.0,-35,2007
3,-3.0,-3,2007
3,-3.5,7,2007
3,-3.5,-21,2007
3,-5.5,-7,2007
2,-7.0,8,2007
2,-10.0,-6,2007
5,-6.5,3,2012
3,-9.5,-21,2007
5,-3.0,4,2012
5,-2.0,4,2012
5,-8.0,-14,2012
5,-3.0,7,2012
5,-6.5,38,2012
5,-6.0,-23,2012
5,-10.0,-42,2012
5,-3.5,-7,2012
5,-4.0,-2,2012
5,-6.0,-10,2012
5,-1.5,-14,2012
4,-3.0,16,2012
4,-4.5,24,2012
4,-6.5,-31,2012
4,-7.5,-1,2012
4,-7.0,-2,2012
5,-6.5,-3,2012
4,-4.0,-14,2012
4,-1.5,-2,2012
4,-4.0,34,2012
4,-2.5,17,2012
4,-13.5,-24,2012
4,-4.0,7,2012
4,-2.0,2,2012
4,-2.5,-6,2012
4,-1.5,17,2012
4,-11.5,-7,2012
3,-3.0,10,2012
3,-8.5,3,2012
3,-7.0,-6,2012
3,-1.5,6,2012
3,-3.5,-2,2012
3,-3.0,7,2012
3,-3.0,-21,2012
3,-3.0,0,2012
3,-3.0,-1,2012
3,-3.0,24,2012
3,-4.0,-21,2012
5,-1.5,4,2011
3,-7.0,-17,2012
5,-7.0,-11,2011
3,-3.0,5,2012
5,-10.0,11,2011
5,-4.5,5,2011
5,-3.5,5,2011
5,-3.0,-45,2011
5,-7.5,-9,2011
3,-7.0,-11,2012
5,-2.5,10,2011
5,-3.0,-21,2011
5,-3.0,-7,2011
5,-3.5,-24,2011
5,-6.5,3,2011
5,-6.5,11,2011
4,-10.0,-7,2011
4,-1.5,4,2011
4,-7.0,-10,2011
4,-3.0,-5,2011
4,-6.0,2,2011
4,-9.0,13,2011
4,-4.0,-7,2011
4,-2.5,4,2011
4,-3.0,7,2011
4,-3.0,-3,2011
4,-1.5,18,2011
4,-5.0,-17,2011
4,-7.0,-5,2011
4,-12.0,-26,2011
4,-6.5,12,2011
3,-3.5,-2,2011
3,-3.5,-6,2011
3,-3.0,0,2011
3,-3.0,-10,2011
3,-1.0,-3,2011
3,-8.0,13,2011
3,-7.5,-3,2011
4,-10.0,1,2011
3,-7.0,-3,2011
3,-6.0,30,2011
3,-14.5,-3,2011
5,-3.0,17,2010
5,-2.5,10,2010
5,-8.0,-14,2010
5,-3.0,-10,2010
5,-7.5,-10,2010
5,-7.0,3,2010
5,-7.0,-8,2010
5,-3.0,-38,2010
5,-3.0,3,2010
5,-3.0,24,2010
5,-7.0,-10,2010
4,-1.0,27,2010
5,-7.0,7,2010
4,-3.5,-14,2010
4,-9.5,-31,2010
4,-7.0,-3,2010
4,-2.5,-3,2010
4,-12.5,-2,2010
4,-6.5,6,2010
4,-14.5,-2,2010
4,-5.0,5,2010
3,-3.0,-3,2010
3,-14.5,-8,2010
3,-3.5,13,2010
3,-12.5,-7,2010
4,-6.0,24,2010
3,-2.5,14,2010
3,-6.0,14,2010
3,-13.0,-14,2010
4,-7.0,-2,2010
3,-4.0,-7,2010
3,-3.0,0,2010
3,-5.5,-1,2010
6,-9.0,-59,2009
6,-6.5,8,2009
3,-5.0,-14,2010
6,-9.5,-14,2009
4,-3.5,7,2010
6,-3.0,-2,2009
6,-3.0,-21,2009
6,-14.0,-4,2009
6,-3.0,7,2009
6,-3.0,24,2009
3,-2.5,8,2010
6,-3.5,-7,2009
5,-9.0,3,2009
5,-3.0,-4,2009
5,-5.5,3,2009
5,-2.0,-41,2009
5,-3.5,22,2009
3,-3.0,-21,2010
5,-10.5,28,2009
4,-2.0,-17,2010
5,-11.0,8,2009
5,-3.0,-7,2009
5,-7.0,-1,2009
5,-15.0,-37,2009
5,-15.5,-19,2009
5,-1.0,35,2009
5,-6.0,-7,2009
5,-5.5,-3,2009
4,-5.0,-7,2009
4,-1.5,-28,2009
4,-3.0,-7,2009
4,-6.5,-3,2009
4,-10.5,-17,2009
4,-9.5,-24,2009
4,-9.5,11,2009
4,-7.5,-14,2009
4,-5.5,-10,2009
4,-9.5,-35,2009
4,-9.0,-3,2009
4,-2.0,-6,2009
4,-8.0,-23,2009
3,-8.5,-14,2009
4,-2.5,3,2010
4,-3.5,-20,2009
3,-2.5,20,2009
3,-13.5,-31,2009
3,-6.5,19,2009
3,-3.0,21,2009
3,-2.5,6,2009
3,-4.5,-16,2009
3,-6.0,-5,2009
3,-7.0,-3,2009
3,-7.5,-20,2009
3,-3.5,-3,2009
3,-6.5,24,2009
3,-1.0,-7,2009
3,-4.5,7,2009
5,-4.0,-3,2008
3,-5.5,20,2009
5,-5.0,3,2008
5,-3.0,27,2008
5,-16.0,-9,2008
5,-2.5,-24,2008
5,-1.0,3,2008
5,-5.0,5,2008
5,-6.5,6,2008
5,-6.0,-7,2008
5,-6.5,-38,2008
5,-4.5,4,2008
5,-10.0,-34,2008
4,-6.0,-3,2008
4,-1.0,8,2008
4,-1.5,-21,2008
4,-9.0,-14,2008
5,-3.0,9,2008
4,-7.0,-15,2008
4,-3.0,-13,2008
4,-8.0,10,2008
4,-2.0,-9,2008
4,-10.0,2,2008
4,-3.0,-4,2008
4,-6.5,-10,2008
3,-8.0,-19,2008
4,-8.5,17,2008
4,-4.0,-14,2008
3,-6.5,-24,2008
3,-4.0,2,2008
3,-3.0,11,2008
3,-12.5,25,2008
3,-5.5,-2,2008
3,-13.0,-10,2008
3,-3.0,-10,2008
3,-3.0,-4,2008
3,-2.5,-18,2008
3,-3.0,-7,2008
3,-10.0,-1,2008
3,-5.0,-18,2008
3,-3.5,-9,2008
3,-8.0,-24,2008
13,-8.5,-7,2002
13,-2.0,-7,2002
13,-3.0,-6,2002
13,-3.0,-3,2002
13,-11.5,-16,2002
13,-2.5,4,2002
13,-2.0,-17,2002
13,-1.5,-3,2002
13,-1.0,-7,2002
13,-6.0,8,2002
12,-7.0,21,2002
12,-3.5,41,2002
12,-9.5,21,2002
12,-5.5,9,2002
12,-3.0,-18,2002
12,-3.0,-14,2002
12,-2.5,-2,2002
12,-10.5,-8,2002
12,-6.0,-4,2002
12,-5.0,-10,2002
12,-5.5,-2,2002
12,-3.5,-7,2002
12,-2.5,-1,2002
12,-8.0,-7,2002
12,-4.0,-27,2002
12,-3.5,-3,2002
11,-10.5,-5,2002
11,-3.5,-1,2002
11,-4.5,-7,2002
11,-3.0,17,2002
11,-3.0,-8,2002
11,-8.0,-13,2002
11,-6.5,-17,2002
11,-3.5,-2,2002
11,-3.0,7,2002
11,-2.5,-10,2002
11,-5.0,-19,2002
11,-5.5,22,2002
11,-6.5,-10,2002
11,-12.0,-24,2002
11,-1.5,-7,2002
13,-3.0,42,2005
13,-3.0,-18,2005
13,-7.0,-12,2005
11,-6.5,3,2002
13,-3.0,6,2005
13,-10.0,-24,2005
13,-7.5,-13,2005
13,-3.0,5,2005
13,-3.0,-1,2005
13,-3.0,15,2005
13,-7.0,-1,2005
13,-3.0,-7,2005
13,-3.0,7,2005
13,-4.0,7,2005
13,-14.0,-32,2005
12,-3.5,7,2005
13,-3.5,7,2005
12,-8.0,-19,2005
12,-4.0,4,2005
12,-3.5,3,2005
12,-5.5,-7,2005
12,-3.0,-10,2005
12,-3.0,6,2005
12,-7.0,12,2005
12,-7.0,-11,2005
12,-3.5,-5,2005
12,-3.5,-12,2005
12,-3.0,3,2005
12,-9.0,-13,2005
12,-1.0,2,2005
12,-3.0,20,2005
12,-1.5,-4,2005
11,-3.5,3,2005
11,-6.5,28,2005
11,-9.0,-38,2005
11,-3.0,-10,2005
11,-4.5,8,2005
11,-8.0,-13,2005
11,-9.0,10,2005
11,-2.5,-22,2005
11,-4.0,3,2005
11,-13.0,-27,2005
11,-10.0,-7,2005
11,-3.5,-10,2005
11,-4.0,0,2005
11,-12.0,2,2005
10,-3.0,1,2005
11,-6.0,3,2005
12,-10.5,12,1999
12,-4.5,-6,1999
12,-4.5,10,1999
12,-7.0,-7,1999
12,-6.0,13,1999
12,-3.5,3,1999
12,-13.5,-8,1999
11,-6.0,3,2005
12,-7.0,7,1999
12,-6.0,-4,1999
12,-1.5,-20,1999
12,-14.0,-31,1999
11,-1.5,-6,1999
11,-5.0,3,1999
11,-3.0,12,1999
11,-1.5,-4,1999
11,-5.5,-6,1999
11,-2.5,-10,1999
11,-5.5,-10,1999
11,-3.5,-10,1999
11,-4.0,-9,1999
11,-5.5,14,1999
10,-5.5,-3,1999
11,-12.5,-18,1999
10,-6.0,7,1999
10,-6.5,-4,1999
11,-7.5,16,1999
10,-14.5,1,1999
10,-6.0,-7,1999
10,-3.0,-20,1999
10,-1.0,-18,1999
13,-3.5,-11,2001
10,-10.0,10,1999
12,-3.0,1,2001
12,-3.0,7,2001
12,-3.0,0,2001
12,-3.0,-11,2001
10,-3.0,-14,1999
11,-7.0,-9,1999
11,-7.0,27,1999
12,-8.0,29,2001
12,-8.5,-35,2001
12,-7.0,-3,2001
12,-10.0,-4,2001
12,-1.5,16,2001
12,-8.5,6,2001
12,-7.0,-12,2001
12,-3.0,13,2001
12,-13.0,-14,2001
12,-7.0,-5,2001
12,-5.0,-7,2001
11,-2.5,18,2001
11,-2.0,10,2001
11,-9.5,7,2001
11,-7.0,3,2001
11,-5.0,7,2001
11,-3.0,3,2001
11,-6.0,-18,2001
11,-3.0,7,2001
11,-3.0,3,2001
11,-1.5,-12,2001
11,-2.5,19,2001
11,-8.0,10,2001
11,-7.0,2,2001
11,-7.0,2,2001
10,-8.5,7,2001
10,-8.5,7,2001
10,-2.0,-12,2001
10,-5.5,-14,2001
10,-7.0,-6,2001
12,-1.0,-9,2006
11,-3.5,-16,2006
11,-3.0,-6,2006
10,-8.0,10,2001
11,-3.5,-14,2006
11,-2.5,3,2006
11,-5.5,10,2006
11,-3.0,15,2006
11,-1.0,-7,2006
11,-2.5,-7,2006
11,-3.0,-4,2006
11,-2.5,8,2006
11,-6.5,-15,2006
11,-6.0,35,2006
11,-9.0,-4,2006
11,-4.0,4,2006
11,-13.0,18,2006
11,-3.0,-3,2006
10,-10.0,-14,2006
10,-5.0,6,2006
10,-8.0,4,2006
10,-7.5,4,2006
10,-1.0,18,2006
10,-12.5,-1,2006
10,-6.5,17,2006
10,-10.5,3,2006
10,-2.0,-3,2006
10,-6.5,-7,2006
10,-8.0,-24,2006
10,-6.0,6,2006
10,-1.5,8,2006
10,-7.5,1,2006
10,-10.5,3,2006
9,-7.5,-16,2006
9,-2.5,11,2006
9,-3.0,-3,2006
10,-3.0,-2,2006
9,-5.0,-16,2006
9,-2.5,7,2006
11,-10.0,-22,2004
11,-4.0,5,2004
11,-7.5,-20,2004
11,-9.5,-7,2004
11,-3.0,-25,2004
11,-3.0,4,2004
11,-3.0,3,2004
11,-2.0,-20,2004
11,-8.0,-32,2004
11,-3.0,3,2004
11,-8.0,31,2004
11,-8.0,-3,2004
10,-7.0,28,2004
10,-1.0,0,2004
10,-1.5,10,2004
10,-5.5,-8,2004
10,-7.0,-23,2004
10,-3.5,-7,2004
10,-2.5,-11,2004
10,-1.0,-3,2004
10,-3.5,14,2004
10,-4.5,-3,2004
10,-4.0,7,2004
10,-3.5,-10,2004
9,-7.0,-3,2004
10,-3.5,0,2004
9,-7.0,-18,2004
9,-3.0,1,2004
10,-8.5,-35,2004
9,-3.0,-5,2004
9,-6.0,3,2004
9,-9.0,7,2004
9,-6.0,-14,2004
9,-6.5,-26,2004
9,-2.5,18,2004
9,-3.0,-3,2004
9,-7.0,15,2004
9,-1.5,-24,2004
8,-7.0,-27,2004
8,-7.0,13,2004
8,-6.0,-28,2004
8,-3.0,-14,2004
8,-1.0,14,2004
9,-3.5,7,2004
12,-6.0,-6,2003
8,-7.5,-5,2004
8,-6.5,21,2004
12,-3.0,3,2003
13,-7.5,4,2003
13,-6.5,-8,2003
12,-3.0,-4,2003
12,-6.5,7,2003
12,-10.5,-10,2003
12,-7.0,-7,2003
12,-7.0,-1,2003
12,-3.0,-17,2003
12,-3.0,7,2003
12,-5.5,-13,2003
12,-5.0,-7,2003
12,-11.0,-3,2003
12,-4.0,-3,2003
12,-3.0,7,2003
11,-4.0,-12,2003
12,-10.5,9,2003
11,-4.0,-16,2003
11,-7.0,2,2003
12,-3.5,-10,2003
13,-3.0,19,2003
11,-6.0,-5,2003
11,-8.5,-29,2003
11,-11.0,-21,2003
11,-9.0,-7,2003
11,-9.0,-10,2003
11,-6.0,-7,2003
11,-6.0,2,2003
11,-6.0,-3,2003
11,-3.5,7,2003
11,-3.0,-18,2003
11,-4.5,-10,2003
11,-5.0,0,2003
11,-5.0,-38,2003
10,-4.5,3,2003
10,-3.0,0,2003
10,-11.5,20,2003
10,-7.0,-13,2003
10,-3.5,-3,2003
10,-4.0,-4,2003
14,-3.0,-1,2000
10,-6.0,-5,2003
14,-2.5,28,2000
14,-9.0,-7,2000
13,-15.0,-37,2000
13,-7.0,3,2000
13,-11.0,-27,2000
13,-5.5,3,2000
13,-13.5,7,2000
13,-6.0,24,2000
13,-3.0,-3,2000
13,-4.0,-14,2000
13,-3.0,7,2000
13,-7.0,-7,2000
13,-3.0,-1,2000
13,-4.0,20,2000
13,-7.0,12,2000
13,-6.5,-25,2000
12,-5.5,13,2000
12,-16.0,-14,2000
12,-5.5,-10,2000
12,-3.0,4,2000
12,-9.5,-14,2000
12,-9.5,-1,2000
12,-7.0,-3,2000
12,-3.5,17,2000
12,-7.0,-27,2000
12,-8.0,-3,2000
11,-3.0,-3,2000
11,-7.0,-8,2000
11,-8.5,-3,2000
11,-3.5,-7,2000
11,-8.5,-17,2000
12,-7.0,-25,2000
11,-5.0,10,2000
11,-2.0,14,2000
11,-2.0,10,2000
11,-7.5,7,2000
11,-7.0,-17,2000
11,-3.5,-14,2000
12,-5.0,10,2000
12,-6.0,-2,2000
11,-12.5,-17,2000
3,-2.5,-4,2013
3,-2.5,-7,2013
3,-7.5,-20,2013
12,-3.0,10,2000
12,-3.0,9,2000
2,-2.5,-26,2013
2,-4.0,2,2013
2,-3.0,4,2013
3,-3.5,10,2013
2,-6.5,-1,2013
2,-6.5,-10,2013
2,-3.0,-1,2013
2,-5.5,-7,2013
2,-3.5,-1,2013
2,-2.0,-4,2013
2,-7.5,3,2013
2,-9.0,-10,2013
2,-8.0,-18,2013
2,-5.0,-10,2013
2,-7.0,-8,2013
2,-4.0,18,2013
1,-6.5,3,2013
1,-2.5,13,2013
2,-11.5,-3,2013
1,-3.0,-3,2013
1,-4.5,6,2013
1,-6.0,7,2013
1,-3.5,-6,2013
1,-3.5,-5,2013
1,-3.5,5,2013
1,-10.5,2,2013
1,-11.5,-4,2013
1,-3.5,-3,2013
1,-4.5,-10,2013
1,-5.0,-6,2013
1,-6.0,-1,2013
1,-4.5,26,2013
1,-7.5,-22,2013
2,-10.0,-23,2007
2,-3.5,17,2007
2,-2.5,22,2007
2,-7.0,-6,2007
2,-7.0,2,2007
2,-6.5,13,2007
2,-3.0,0,2007
2,-3.0,1,2007
2,-12.0,-10,2007
2,-3.5,-24,2007
2,-10.0,-7,2007
2,-4.0,-17,2007
2,-2.5,-3,2007
1,-2.5,-7,2007
1,-3.0,-3,2007
2,-10.0,-3,2007
1,-2.5,15,2007
1,-3.0,1,2007
1,-3.0,-17,2007
1,-6.0,-11,2007
1,-1.0,14,2007
1,-3.0,-3,2007
1,-3.0,-21,2007
1,-6.5,24,2007
1,-6.5,-10,2007
1,-7.0,3,2007
1,-4.5,27,2007
1,-3.0,-3,2007
1,-6.0,-14,2007
1,-5.5,-31,2007
2,-3.0,-6,2012
3,-4.0,-3,2012
3,-3.0,29,2012
2,-7.0,-8,2012
2,-6.0,-28,2012
2,-3.0,-3,2012
2,-3.5,-3,2012
2,-4.5,-17,2012
2,-3.0,-1,2012
2,-7.0,20,2012
2,-13.5,2,2012
2,-7.0,-7,2012
2,-3.0,-18,2012
2,-3.0,-20,2012
2,-3.0,-8,2012
2,-8.0,-7,2012
2,-5.5,-13,2012
1,-1.0,8,2012
1,-7.0,-31,2012
1,-3.0,-20,2012
1,-3.0,-6,2012
1,-3.5,-9,2012
1,-9.0,-4,2012
2,-2.0,-22,2012
1,-13.5,-20,2012
1,-2.5,16,2012
1,-10.0,-20,2012
1,-5.5,8,2012
1,-9.0,8,2012
1,-3.0,-4,2012
1,-2.0,-12,2012
3,-3.0,-3,2011
1,-9.5,1,2012
3,-1.0,5,2011
1,-6.5,21,2012
3,-4.0,-7,2011
3,-2.0,-1,2011
3,-5.0,10,2011
2,-3.0,-2,2011
2,-7.0,-12,2011
2,-1.0,4,2011
2,-6.0,-13,2011
2,-9.0,-45,2011
2,-1.5,8,2011
2,-9.0,-29,2011
2,-4.5,-1,2011
2,-5.0,-17,2011
2,-7.0,-14,2011
3,-11.0,3,2011
2,-3.0,10,2011
2,-11.0,7,2011
2,-3.0,0,2011
2,-14.0,-24,2011
1,-4.0,7,2012
2,-2.5,-4,2011
2,-4.0,-3,2011
1,-7.5,14,2011
1,-1.5,7,2011
1,-3.5,34,2011
1,-3.0,3,2011
1,-1.5,-2,2011
1,-1.5,-18,2011
1,-1.5,-28,2011
1,-8.5,-7,2011
1,-9.0,-27,2011
1,-6.0,-3,2011
1,-2.0,-14,2011
1,-4.0,18,2011
1,-7.0,-7,2011
1,-6.0,-16,2011
1,-5.0,-8,2011
3,-3.0,25,2010
3,-3.0,19,2010
1,-7.0,10,2011
3,-3.0,25,2010
2,-5.0,3,2010
2,-7.0,7,2010
2,-3.0,3,2010
2,-7.0,-25,2010
2,-3.0,2,2010
2,-13.0,-27,2010
2,-3.0,-14,2010
2,-4.0,13,2010
2,-6.0,4,2010
2,-7.0,-34,2010
2,-3.0,-2,2010
2,-3.5,-17,2010
2,-3.0,-5,2010
2,-6.5,3,2010
2,-4.0,-24,2010
1,-1.0,1,2010
2,-6.0,8,2010
1,-5.5,-14,2010
1,-4.0,-7,2010
1,-2.5,-3,2010
1,-6.0,-13,2010
1,-1.0,-10,2010
1,-3.0,4,2010
1,-3.0,-6,2010
1,-6.5,-5,2010
1,-3.0,7,2010
1,-3.0,5,2010
1,-6.5,-25,2010
1,-3.0,-7,2010
1,-3.0,-25,2010
1,-1.5,-3,2010
1,-5.0,-5,2010
2,-3.0,-21,2009
2,-5.5,-8,2009
2,-7.5,7,2009
2,-2.5,26,2009
2,-3.5,-7,2009
3,-5.5,-10,2009
2,-4.0,-13,2009
2,-3.0,4,2009
2,-1.0,-13,2009
2,-10.0,14,2009
2,-7.0,3,2009
2,-1.5,3,2009
2,-1.0,5,2009
2,-3.0,14,2009
2,-10.0,-2,2009
2,-3.0,2,2009
2,-3.0,-3,2009
1,-13.5,-1,2009
1,-10.0,4,2009
1,-6.0,-2,2009
1,-5.0,-6,2009
1,-5.0,13,2009
1,-5.0,5,2009
1,-4.0,-12,2009
1,-14.0,-18,2009
1,-13.0,-14,2009
1,-4.5,4,2009
1,-4.5,14,2009
1,-2.5,28,2009
1,-7.0,-28,2009
1,-6.0,-6,2009
1,-4.5,17,2009
3,-5.0,-19,2008
2,-6.5,-4,2008
2,-3.0,-3,2008
1,-6.5,-3,2009
2,-1.0,3,2008
2,-3.0,23,2008
2,-6.5,-21,2008
2,-1.0,9,2008
2,-4.0,4,2008
2,-1.0,17,2008
2,-6.5,4,2008
2,-8.0,28,2008
2,-1.0,-5,2008
2,-7.0,-15,2008
2,-6.5,-7,2008
2,-3.5,15,2008
1,-2.5,-5,2008
2,-1.0,-1,2008
1,-3.0,27,2008
1,-3.0,6,2008
1,-16.0,-7,2008
1,-3.0,-7,2008
1,-1.0,-24,2008
1,-3.0,-13,2008
1,-6.0,18,2008
1,-3.0,-4,2008
1,-10.0,16,2008
1,-9.5,2,2008
1,-2.0,-7,2008
1,-2.5,10,2008
1,-4.5,-9,2008
1,-6.5,-21,2008
10,-6.0,24,2002
10,-1.5,7,2002
1,-8.0,-35,2008
10,-5.0,-4,2002
10,-5.5,-3,2002
10,-6.0,-4,2002
10,-3.0,21,2002
10,-5.0,3,2002
10,-9.0,-7,2002
10,-1.5,-19,2002
10,-4.0,10,2002
10,-2.5,-3,2002
10,-4.0,-11,2002
10,-9.5,22,2002
9,-4.5,-14,2002
9,-3.0,-2,2002
9,-3.5,3,2002
9,-3.0,31,2002
9,-3.0,-4,2002
9,-7.0,6,2002
9,-3.0,-7,2002
9,-7.5,-14,2002
9,-8.5,31,2002
9,-5.0,13,2002
9,-2.5,35,2002
10,-10.5,-26,2002
9,-7.0,-3,2002
9,-3.0,8,2002
9,-2.0,11,2002
8,-3.0,3,2002
8,-7.5,-7,2002
8,-7.0,-14,2002
8,-8.0,3,2002
10,-9.5,-27,2005
10,-9.5,8,2005
10,-8.0,-27,2005
10,-17.0,-14,2005
10,-1.0,-1,2005
8,-3.0,8,2002
10,-2.5,7,2005
10,-10.0,3,2005
10,-7.0,-15,2005
10,-7.5,-13,2005
10,-2.5,14,2005
10,-12.0,-8,2005
10,-2.5,-11,2005
10,-4.0,-8,2005
9,-3.0,19,2005
9,-3.5,12,2005
9,-4.5,-4,2005
9,-6.5,10,2005
9,-9.5,18,2005
9,-11.0,-7,2005
9,-1.5,-13,2005
9,-2.5,3,2005
9,-5.5,5,2005
9,-2.0,7,2005
9,-4.5,14,2005
8,-8.5,-1,2005
8,-3.0,-28,2005
8,-7.0,-7,2005
8,-7.0,-5,2005
8,-2.0,9,2005
8,-3.0,-36,2005
9,-3.0,-6,2005
8,-11.5,-5,2005
8,-2.0,15,2005
8,-3.0,3,2005
8,-5.0,-8,2005
10,-5.5,-4,1999
8,-8.0,-25,2005
8,-3.0,-3,2005
10,-13.0,-3,1999
10,-3.0,-7,1999
9,-9.0,1,1999
9,-6.5,-10,1999
9,-3.5,32,1999
10,-3.0,8,1999
9,-4.0,17,1999
10,-10.0,-25,1999
9,-14.0,-17,1999
10,-7.0,-19,1999
9,-4.0,-4,1999
9,-6.0,23,1999
9,-5.0,-26,1999
9,-7.0,-5,1999
9,-4.0,-8,1999
9,-3.0,-17,1999
8,-5.5,20,1999
8,-2.5,3,1999
8,-8.5,-26,1999
8,-2.0,-7,1999
8,-3.5,3,1999
9,-3.5,15,1999
9,-2.5,21,1999
8,-2.5,6,1999
8,-12.5,31,1999
8,-3.0,-10,1999
8,-9.5,5,1999
8,-6.0,-34,1999
8,-3.0,7,1999
8,-2.5,-17,1999
7,-5.5,-4,1999
7,-2.5,-10,1999
8,-3.0,24,1999
10,-5.5,-13,2001
8,-3.0,-3,1999
7,-18.5,-31,1999
10,-1.5,13,2001
10,-3.5,3,2001
10,-5.5,24,2001
7,-6.5,-1,1999
10,-2.0,-7,2001
10,-5.0,3,2001
10,-7.0,33,2001
10,-10.0,3,2001
10,-9.0,-10,2001
9,-1.5,6,2001
9,-5.5,-10,2001
9,-6.0,-7,2001
9,-18.0,-34,2001
9,-4.5,-20,2001
9,-5.5,7,2001
9,-6.0,-7,2001
9,-2.5,8,2001
9,-4.0,-17,2001
9,-3.0,3,2001
9,-6.0,-10,2001
9,-4.5,-31,2001
9,-3.0,3,2001
9,-3.0,-1,2001
9,-5.0,3,2001
8,-5.5,-10,2001
8,-5.5,5,2001
8,-10.0,-17,2001
8,-3.0,16,2001
8,-4.5,-14,2001
8,-6.5,7,2001
8,-5.0,-1,2001
8,-2.0,3,2001
8,-10.5,-10,2001
8,-7.0,14,2001
8,-2.5,-13,2001
9,-3.0,-14,2006
9,-13.0,-4,2006
9,-3.0,14,2006
9,-13.5,18,2006
9,-4.0,-6,2006
9,-1.5,17,2006
9,-3.0,-6,2006
9,-9.5,-30,2006
8,-2.5,24,2006
8,-4.0,-17,2006
8,-5.5,21,2006
8,-3.0,-6,2006
8,-8.0,7,2006
8,-4.5,2,2006
8,-1.5,-7,2006
8,-3.0,3,2006
8,-9.0,-7,2006
9,-13.5,-7,2006
8,-9.0,-14,2006
8,-2.0,13,2006
8,-5.0,-7,2006
8,-16.5,-31,2006
8,-9.5,-14,2006
7,-3.0,14,2006
7,-3.5,-7,2006
7,-5.5,22,2006
7,-3.0,-3,2006
7,-6.0,-2,2006
7,-4.5,10,2006
7,-5.5,10,2006
7,-8.0,-20,2006
7,-7.0,18,2006
7,-3.0,-3,2006
7,-5.5,-3,2006
8,-8.0,-6,2004
8,-3.0,-7,2004
8,-3.0,-10,2004
8,-2.0,-14,2004
8,-1.0,-10,2004
7,-3.0,-13,2006
8,-4.5,-24,2004
7,-7.0,-13,2004
8,-2.0,-10,2004
7,-7.0,-4,2004
7,-3.0,5,2004
7,-5.0,-17,2004
7,-9.0,3,2004
7,-3.5,-46,2004
7,-6.5,-8,2004
7,-3.0,11,2004
7,-7.0,-12,2004
7,-4.5,-14,2004
7,-6.0,-17,2004
7,-6.0,-6,2004
7,-4.0,-21,2004
6,-6.5,-7,2004
7,-7.0,15,2004
6,-2.5,28,2004
6,-5.5,-1,2004
6,-5.5,10,2004
6,-1.5,3,2004
6,-2.5,-6,2004
6,-3.0,28,2004
6,-10.0,-22,2004
6,-3.0,-17,2004
6,-4.5,-7,2004
6,-3.5,7,2004
6,-3.0,4,2004
6,-9.5,-8,2004
10,-4.0,-7,2003
10,-9.0,-21,2003
10,-5.5,-24,2003
10,-5.5,-14,2003
10,-3.0,-7,2003
9,-2.0,4,2003
9,-5.0,-20,2003
10,-6.5,-11,2003
9,-5.5,3,2003
9,-3.5,-10,2003
9,-6.0,7,2003
9,-8.0,3,2003
9,-3.0,6,2003
9,-1.0,-13,2003
9,-3.0,-3,2003
9,-7.0,-7,2003
9,-6.0,-4,2003
9,-3.5,-11,2003
9,-6.0,-7,2003
9,-5.0,-7,2003
8,-6.5,16,2003
8,-5.5,-33,2003
8,-4.5,-6,2003
8,-2.5,-20,2003
8,-3.0,-8,2003
8,-3.0,-3,2003
8,-5.5,12,2003
8,-4.5,13,2003
8,-13.0,-9,2003
8,-7.0,0,2003
11,-4.0,1,2000
11,-9.0,-5,2000
11,-6.0,-8,2000
10,-10.0,21,2000
10,-3.5,-18,2000
10,-2.0,-7,2000
10,-3.5,0,2000
10,-7.0,13,2000
10,-8.0,-2,2000
10,-6.0,20,2000
10,-4.5,-2,2000
10,-2.5,15,2000
10,-5.5,-16,2000
10,-10.0,-1,2000
10,-3.0,7,2000
10,-7.0,-3,2000
10,-13.5,3,2000
10,-3.0,-13,2000
9,-4.0,6,2000
9,-7.0,-12,2000
9,-3.5,-3,2000
9,-6.5,2,2000
9,-6.0,11,2000
9,-3.5,-17,2000
9,-3.0,-28,2000
9,-4.5,3,2000
9,-3.0,-1,2000
9,-7.0,10,2000
9,-4.0,5,2000
9,-4.5,-8,2000
9,-4.0,-1,2000
8,-3.0,-30,2000
8,-4.0,19,2000
8,-3.5,2,2002
8,-3.0,13,2002
8,-8.5,-10,2002
8,-11.0,2,2002
7,-4.5,-18,2002
7,-3.0,-4,2002
9,-3.0,9,2000
7,-1.5,-8,2002
7,-8.5,-17,2002
7,-6.5,-17,2002
7,-6.0,13,2002
7,-7.0,-21,2002
7,-4.0,-30,2002
7,-3.0,-13,2002
7,-3.0,-3,2002
7,-1.5,-7,2002
7,-3.0,-10,2002
7,-3.5,0,2002
6,-7.5,-14,2002
6,-4.5,18,2002
7,-7.0,-8,2002
6,-3.0,7,2002
6,-7.0,7,2002
6,-3.5,2,2002
6,-1.5,16,2002
6,-2.0,-1,2002
6,-4.5,-7,2002
6,-3.0,-1,2002
6,-6.5,27,2002
6,-7.0,-15,2002
6,-6.5,-2,2002
6,-1.5,-9,2002
5,-1.0,13,2002
6,-6.0,7,2002
5,-13.5,-7,2002
5,-5.0,3,2002
5,-3.0,18,2002
5,-6.5,-17,2002
5,-3.0,-3,2002
5,-3.0,4,2002
5,-3.0,-13,2002
5,-3.5,17,2002
5,-6.0,5,2002
5,-6.0,-24,2002
5,-2.5,14,2002
5,-3.0,-3,2002
5,-1.5,4,2002
8,-7.0,-21,2005
4,-9.0,-11,2002
8,-2.0,-3,2005
7,-7.5,-13,2005
7,-3.0,-3,2005
7,-14.5,18,2005
7,-5.0,-11,2005
7,-3.0,-21,2005
7,-2.0,-1,2005
7,-3.0,14,2005
7,-3.0,3,2005
7,-4.0,-3,2005
7,-11.5,-35,2005
7,-2.0,-3,2005
7,-3.0,-10,2005
7,-1.0,-4,2005
7,-1.0,10,2005
6,-5.0,3,2005
6,-3.0,-8,2005
6,-13.0,-17,2005
6,-3.5,-6,2005
6,-4.0,3,2005
6,-3.0,-10,2005
6,-3.0,8,2005
6,-4.5,-14,2005
6,-8.5,-32,2005
6,-6.5,-7,2005
6,-2.0,-25,2005
6,-4.0,-13,2005
5,-3.0,2,2005
5,-3.5,-2,2005
5,-3.0,6,2005
5,-3.0,-49,2005
5,-3.0,4,2005
5,-3.0,-3,2005
5,-3.5,-23,2005
5,-14.0,25,2005
5,-2.5,3,2005
5,-7.0,-2,2005
5,-2.5,-6,2005
5,-1.5,14,2005
5,-3.0,-10,2005
5,-2.0,-18,2005
4,-3.0,-3,2005
4,-2.5,6,2005
4,-9.5,-6,2005
7,-3.5,-1,1999
7,-11.0,-21,1999
4,-5.5,24,2005
7,-8.0,-3,1999
4,-2.0,0,2005
7,-3.0,-28,1999
7,-4.5,15,1999
7,-3.0,28,1999
7,-9.0,-3,1999
7,-2.0,-18,1999
7,-7.0,-24,1999
7,-1.0,27,1999
6,-3.5,14,1999
6,-3.5,-21,1999
6,-3.0,-3,1999
6,-3.5,6,1999
6,-17.5,-17,1999
6,-5.0,14,1999
6,-6.0,28,1999
6,-6.5,4,1999
6,-3.5,-2,1999
6,-3.0,3,1999
6,-1.5,-3,1999
6,-2.5,3,1999
6,-2.5,1,1999
5,-3.0,10,1999
5,-6.5,-3,1999
6,-5.0,2,1999
5,-2.5,-2,1999
5,-3.0,1,1999
5,-3.0,-11,1999
5,-7.0,3,1999
5,-7.0,-3,1999
5,-3.0,3,1999
5,-13.0,2,1999
5,-6.0,-3,1999
5,-1.5,3,1999
5,-9.5,-3,1999
5,-3.5,10,1999
5,-3.0,-22,1999
4,-4.5,5,1999
4,-3.5,-1,1999
4,-7.0,-28,1999
4,-5.5,8,1999
4,-8.5,-2,1999
4,-1.5,-2,1999
4,-9.5,-1,1999
4,-7.0,-7,1999
4,-3.0,14,1999
4,-12.0,12,1999
4,-1.0,-7,1999
3,-2.5,14,1999
4,-3.5,28,1999
4,-1.0,-4,1999
4,-2.5,6,1999
3,-1.0,8,1999
3,-12.0,-7,1999
3,-7.0,-7,1999
3,-4.0,19,1999
3,-7.0,-24,1999
3,-2.5,-3,1999
3,-1.0,7,1999
8,-3.0,-4,2001
8,-8.5,-8,2001
8,-3.0,14,2001
7,-3.0,-27,2001
3,-11.5,-26,1999
7,-2.5,1,2001
7,-7.5,-14,2001
7,-3.0,-27,2001
7,-7.0,-11,2001
7,-3.0,4,2001
7,-2.0,-15,2001
7,-3.0,-14,2001
7,-7.5,-3,2001
7,-1.0,10,2001
7,-7.5,-1,2001
7,-2.5,4,2001
7,-12.0,3,2001
7,-3.0,7,2001
6,-3.0,1,2001
6,-7.0,20,2001
6,-7.5,-10,2001
6,-3.5,-14,2001
6,-8.0,7,2001
6,-3.0,-22,2001
6,-2.5,-17,2001
6,-2.0,-8,2001
6,-1.0,24,2001
6,-5.5,3,2001
5,-3.0,-2,2001
6,-5.0,7,2001
6,-10.5,21,2001
6,-9.0,3,2001
5,-2.5,3,2001
5,-10.5,-1,2001
5,-1.5,-10,2001
5,-3.0,-10,2001
5,-5.0,2,2001
5,-3.0,-5,2001
5,-3.0,-4,2001
5,-6.0,-13,2001
5,-10.0,-5,2001
5,-3.5,5,2001
5,-3.0,-11,2001
5,-7.0,-7,2001
4,-12.5,35,2001
4,-4.5,6,2001
4,-3.5,28,2001
4,-6.5,-10,2001
4,-3.5,-13,2001
4,-3.0,-4,2001
4,-9.5,-20,2001
4,-10.0,-14,2001
4,-5.0,-9,2001
4,-3.0,-4,2001
4,-18.0,-7,2001
4,-3.5,-9,2001
4,-14.0,-14,2001
7,-8.5,-14,2006
6,-13.0,1,2006
6,-12.0,3,2006
6,-1.0,-3,2006
6,-3.0,2,2006
6,-2.5,-3,2006
6,-3.0,2,2006
6,-6.5,-38,2006
6,-3.0,13,2006
6,-5.0,-1,2006
6,-3.0,-3,2006
6,-16.0,-10,2006
6,-10.0,29,2006
6,-13.0,-28,2006
5,-9.5,-33,2006
5,-5.0,-10,2006
5,-7.5,-8,2006
5,-6.0,-9,2006
5,-7.0,-3,2006
5,-2.5,3,2006
5,-18.0,-1,2006
5,-3.5,3,2006
5,-7.0,-41,2006
5,-9.5,-10,2006
5,-5.5,-16,2006
5,-2.0,-14,2006
5,-3.5,-14,2006
4,-11.5,-22,2006
5,-3.0,-10,2006
4,-2.5,3,2006
4,-7.5,-22,2006
4,-5.0,-7,2006
4,-4.0,-2,2006
4,-8.0,3,2006
4,-1.0,-5,2006
4,-3.0,-10,2006
4,-7.5,-3,2006
4,-6.0,25,2006
6,-3.5,-10,2004
5,-3.0,21,2004
5,-1.0,-16,2004
5,-11.0,-14,2004
5,-8.0,3,2004
5,-2.5,-13,2004
5,-3.5,-15,2004
5,-4.5,-11,2004
5,-6.5,7,2004
5,-8.5,-21,2004
5,-3.0,3,2004
5,-4.0,-3,2004
5,-6.5,-2,2004
5,-3.5,16,2004
4,-6.0,3,2004
4,-2.0,-13,2004
4,-4.0,10,2004
4,-5.5,8,2004
4,-4.0,7,2004
4,-8.5,10,2004
4,-3.5,17,2004
4,-3.0,3,2004
4,-3.5,-24,2004
4,-7.0,7,2004
4,-2.5,-4,2004
4,-4.0,-11,2004
4,-3.0,-21,2004
3,-1.5,3,2004
3,-6.0,-12,2004
4,-5.5,14,2004
3,-1.5,14,2004
3,-10.0,-34,2004
3,-6.0,3,2004
3,-2.5,10,2004
3,-3.0,-10,2004
3,-6.0,-14,2004
3,-12.0,-5,2004
8,-1.0,12,2003
8,-3.0,0,2003
8,-6.0,-16,2003
8,-3.0,-7,2003
7,-3.0,28,2003
7,-5.0,-17,2003
7,-4.5,7,2003
7,-4.0,-8,2003
7,-3.0,-17,2003
7,-4.0,-10,2003
7,-3.0,31,2003
7,-3.5,6,2003
7,-3.5,5,2003
7,-6.5,6,2003
7,-1.0,-8,2003
7,-11.0,-7,2003
7,-3.0,4,2003
6,-10.0,-36,2003
6,-6.5,-3,2003
6,-3.5,-6,2003
6,-2.5,3,2003
6,-1.0,-27,2003
6,-3.5,14,2003
6,-6.5,8,2003
6,-3.5,-1,2003
6,-8.5,-21,2003
6,-3.5,22,2003
6,-1.0,-2,2003
6,-4.0,-4,2003
6,-6.5,-7,2003
6,-2.5,-11,2003
5,-1.0,-8,2003
5,-7.0,-3,2003
5,-7.0,20,2003
5,-3.5,-1,2003
5,-4.5,-4,2003
5,-7.5,-17,2003
5,-7.5,-7,2003
5,-3.0,-6,2003
5,-4.5,13,2003
5,-1.0,-22,2003
5,-3.5,-3,2003
5,-4.5,-2,2003
5,-1.5,13,2003
5,-7.0,-6,2003
4,-4.0,15,2003
4,-2.5,-4,2003
4,-6.0,-20,2003
4,-3.5,-3,2003
4,-4.5,7,2003
4,-3.0,10,2003
4,-11.5,-24,2003
4,-3.0,7,2003
4,-3.5,17,2003
4,-12.0,-4,2003
4,-1.5,34,2003
4,-7.0,-17,2003
8,-1.5,2,2000
8,-6.5,-4,2000
8,-8.5,-7,2000
8,-10.0,-10,2000
8,-7.0,-20,2000
8,-7.5,-28,2000
8,-3.0,-18,2000
8,-7.0,-41,2000
8,-1.0,8,2000
8,-8.0,14,2000
7,-6.0,-14,2000
7,-3.5,-7,2000
8,-6.5,-4,2000
7,-3.0,17,2000
7,-6.0,12,2000
7,-12.5,-34,2000
7,-4.5,-3,2000
7,-18.0,-16,2000
7,-3.0,3,2000
8,-9.0,-22,2000
7,-5.5,13,2000
7,-4.0,-5,2000
7,-2.5,19,2000
6,-1.0,-7,2000
7,-8.5,-15,2000
7,-10.0,-10,2000
6,-6.5,14,2000
6,-4.5,-8,2000
6,-3.0,-7,2000
6,-2.5,5,2000
6,-10.0,9,2000
6,-1.0,7,2000
6,-3.5,3,2000
6,-5.5,21,2000
4,-6.5,-3,2002
4,-3.0,-7,2002
4,-6.0,-7,2002
4,-3.0,-14,2002
4,-3.0,-7,2002
4,-19.0,-18,2002
4,-6.5,28,2002
4,-3.0,-25,2002
4,-3.0,-18,2002
4,-12.0,3,2002
4,-3.5,-25,2002
3,-7.0,-27,2002
4,-9.0,-5,2002
3,-1.5,-12,2002
3,-10.0,-10,2002
4,-6.5,-27,2002
3,-6.5,7,2002
3,-10.0,-31,2002
3,-2.5,8,2002
3,-10.5,20,2002
3,-6.0,-27,2002
3,-7.5,-5,2002
3,-5.5,-3,2002
3,-4.5,-4,2002
3,-2.0,6,2002
3,-7.5,6,2002
3,-8.5,-21,2002
2,-3.5,7,2002
2,-3.0,30,2002
2,-4.0,13,2002
2,-3.5,-13,2002
2,-3.5,-7,2002
2,-4.0,11,2002
2,-4.5,25,2002
2,-3.5,10,2002
2,-2.5,-15,2002
2,-12.0,5,2002
2,-3.0,-24,2002
2,-13.5,-21,2002
2,-2.5,1,2002
2,-3.5,-8,2002
1,-7.0,-7,2002
2,-1.0,37,2002
1,-9.5,-28,2002
1,-2.5,-16,2002
1,-3.0,-7,2002
1,-8.5,-9,2002
1,-3.0,28,2002
1,-7.5,-14,2002
1,-3.5,3,2002
1,-2.0,-3,2002
1,-2.0,1,2002
1,-3.0,-1,2002
1,-6.0,-4,2002
1,-6.0,-8,2002
1,-4.0,3,2002
4,-3.0,-20,2005
4,-7.0,21,2005
4,-4.0,13,2005
1,-4.5,-4,2002
4,-3.0,-6,2005
4,-1.0,-12,2005
4,-6.0,-20,2005
4,-3.0,-17,2005
4,-7.5,-10,2005
4,-6.5,-4,2005
3,-2.5,-20,2005
3,-6.5,-25,2005
3,-6.5,3,2005
3,-3.5,-3,2005
3,-2.5,0,2005
3,-3.0,3,2005
3,-3.5,-17,2005
3,-6.5,-4,2005
3,-8.5,-3,2005
3,-13.5,-7,2005
3,-3.0,17,2005
3,-3.0,8,2005
3,-5.5,-22,2005
3,-3.0,1,2005
2,-3.0,17,2005
2,-3.5,-15,2005
2,-2.5,-32,2005
2,-6.0,1,2005
2,-3.0,-3,2005
2,-7.0,2,2005
2,-3.0,-29,2005
2,-3.0,-10,2005
2,-1.5,6,2005
2,-6.0,-10,2005
2,-9.0,-7,2005
2,-4.5,20,2005
2,-1.0,5,2005
2,-11.5,-39,2005
1,-2.0,-4,2005
2,-1.0,-3,2005
1,-6.0,11,2005
1,-5.0,4,2005
1,-3.5,14,2005
2,-2.5,-16,2005
1,-4.5,-15,2005
1,-3.0,-12,2005
1,-4.5,-3,2005
1,-7.0,-27,2005
1,-3.0,-20,2005
1,-3.0,-14,2005
1,-4.5,-24,2005
1,-6.0,-2,2005
1,-6.5,3,2005
1,-3.0,17,2005
3,-9.5,1,1999
1,-1.5,-23,2005
3,-3.5,-10,1999
1,-7.5,-10,2005
3,-6.0,-2,1999
2,-6.5,-17,1999
3,-1.5,-28,1999
2,-4.0,-14,1999
2,-6.5,14,1999
2,-2.5,29,1999
2,-2.5,3,1999
2,-11.0,5,1999
2,-6.5,-8,1999
2,-11.0,-7,1999
2,-9.0,-3,1999
2,-4.5,-3,1999
2,-16.0,-17,1999
2,-3.5,-16,1999
2,-3.5,1,1999
2,-9.5,2,1999
2,-1.0,27,1999
1,-6.0,17,1999
1,-2.5,6,1999
1,-9.0,-4,1999
1,-9.5,8,1999
1,-6.0,43,1999
1,-5.5,4,1999
1,-3.5,-9,1999
1,-7.0,2,1999
1,-3.0,-3,1999
1,-3.0,-17,1999
1,-3.0,1,1999
1,-9.0,-1,1999
1,-5.5,-38,1999
1,-4.0,3,1999
4,-14.5,1,2001
4,-3.5,-19,2001
3,-3.0,2,2001
3,-2.5,-4,2001
3,-3.5,21,2001
3,-3.0,17,2001
3,-13.5,-22,2001
3,-6.0,-32,2001
3,-3.0,32,2001
3,-6.5,-14,2001
3,-8.5,9,2001
3,-4.5,7,2001
3,-11.5,-31,2001
3,-10.5,-24,2001
3,-3.0,20,2001
3,-3.0,-8,2001
2,-8.5,-37,2001
2,-6.0,4,2001
2,-1.5,7,2001
2,-1.5,-3,2001
2,-10.0,-16,2001
2,-7.0,-11,2001
2,-1.5,10,2001
2,-2.0,-7,2001
2,-2.5,24,2001
2,-3.5,-8,2001
2,-1.5,-10,2001
2,-3.5,11,2001
2,-3.0,-7,2001
1,-7.0,-11,2001
2,-8.5,21,2001
1,-3.0,3,2001
1,-6.5,8,2001
1,-4.0,3,2001
1,-5.5,-22,2001
1,-10.5,-11,2001
1,-2.5,-27,2001
1,-3.0,-11,2001
1,-1.5,21,2001
1,-3.0,-18,2001
1,-1.5,18,2001
1,-9.0,4,2001
1,-3.5,-10,2001
1,-10.0,11,2001
4,-7.0,-41,2006
4,-3.5,-31,2006
4,-9.5,31,2006
3,-4.0,-20,2006
4,-1.0,-3,2006
3,-3.5,3,2006
3,-3.0,2,2006
3,-2.0,8,2006
3,-6.5,10,2006
3,-6.5,7,2006
3,-6.5,-7,2006
3,-6.5,1,2006
3,-4.0,-12,2006
3,-6.0,14,2006
3,-10.5,-3,2006
3,-5.5,2,2006
3,-6.0,8,2006
2,-2.5,-9,2006
2,-12.5,-19,2006
2,-7.0,-27,2006
3,-3.5,16,2006
2,-7.0,-11,2006
2,-11.0,-3,2006
2,-10.5,-17,2006
2,-2.0,-7,2006
2,-6.5,10,2006
2,-1.0,7,2006
2,-6.0,7,2006
2,-12.0,-33,2006
2,-13.0,-22,2006
2,-3.0,-7,2006
2,-4.5,-11,2006
2,-7.0,-17,2006
1,-3.0,27,2006
1,-4.0,3,2006
2,-3.0,6,2006
1,-3.5,26,2006
1,-1.5,13,2006
1,-3.0,5,2006
1,-2.5,-7,2006
1,-3.5,-8,2006
1,-10.0,-2,2006
1,-3.0,5,2006
1,-6.0,14,2006
1,-3.0,27,2006
1,-6.0,3,2006
1,-2.5,7,2006
1,-9.5,-7,2006
1,-4.5,14,2006
1,-1.5,-11,2006
3,-3.0,-17,2004
3,-7.5,3,2004
3,-4.5,17,2004
3,-11.0,-3,2004
3,-9.5,-10,2004
2,-3.0,-11,2004
2,-1.5,14,2004
2,-7.5,-3,2004
2,-4.5,-7,2004
2,-3.0,-6,2004
2,-3.5,-3,2004
2,-2.0,-17,2004
2,-3.0,-1,2004
2,-5.5,-3,2004
2,-7.0,11,2004
2,-3.0,-12,2004
2,-3.0,6,2004
2,-3.0,4,2004
2,-9.0,11,2004
2,-4.0,-17,2004
1,-3.0,10,2004
1,-1.5,4,2004
1,-3.0,2,2004
2,-8.0,11,2004
1,-4.5,7,2004
1,-3.5,-3,2004
1,-6.5,-18,2004
1,-11.0,-7,2004
1,-2.5,14,2004
1,-5.5,-7,2004
1,-3.5,-17,2004
1,-2.5,-6,2004
1,-3.0,3,2004
1,-9.5,-14,2004
1,-3.0,-10,2004
1,-3.0,10,2004
1,-3.0,-3,2004
4,-3.0,11,2003
3,-5.5,-21,2003
3,-7.5,28,2003
3,-4.5,7,2003
3,-7.0,1,2003
3,-4.0,10,2003
3,-1.5,-8,2003
3,-4.5,-15,2003
3,-7.5,-10,2003
3,-1.5,14,2003
3,-3.0,-10,2003
3,-3.0,-1,2003
3,-6.0,-7,2003
3,-6.5,21,2003
3,-7.5,-7,2003
2,-7.5,-15,2003
2,-3.0,-10,2003
2,-3.0,2,2003
2,-3.0,21,2003
2,-12.0,-3,2003
2,-3.0,11,2003
2,-3.5,-21,2003
2,-2.5,-20,2003
2,-9.0,-3,2003
2,-2.5,-26,2003
2,-3.0,24,2003
2,-9.0,-11,2003
2,-8.0,-21,2003
2,-5.0,38,2003
2,-4.0,21,2003
2,-7.0,-25,2003
1,-3.0,17,2003
1,-14.0,1,2003
1,-4.0,5,2003
1,-3.5,-18,2003
1,-2.0,3,2003
1,-4.5,-13,2003
1,-6.0,20,2003
1,-3.5,-5,2003
1,-4.0,-1,2003
1,-1.0,-10,2003
1,-6.5,-42,2003
1,-3.0,-17,2003
1,-1.0,-31,2003
1,-4.0,-19,2003
1,-3.0,-3,2003
6,-2.0,-9,2000
1,-2.0,14,2003
6,-3.5,-23,2000
6,-8.0,17,2000
6,-3.5,-8,2000
6,-4.5,-8,2000
5,-4.0,-7,2000
5,-3.0,-28,2000
5,-5.5,3,2000
5,-11.0,11,2000
5,-8.5,9,2000
5,-5.0,-14,2000
5,-8.5,12,2000
5,-17.0,-26,2000
5,-1.5,-7,2000
5,-1.0,7,2000
5,-1.5,2,2000
5,-6.5,0,2000
5,-3.5,-7,2000
5,-7.0,15,2000
4,-3.5,-29,2000
4,-6.5,21,2000
4,-6.5,17,2000
4,-2.5,8,2000
4,-1.0,7,2000
4,-7.0,4,2000
4,-7.0,1,2000
4,-1.5,14,2000
4,-4.5,-7,2000
4,-10.5,-26,2000
4,-1.0,26,2000
4,-1.0,10,2000
4,-7.0,3,2000
3,-10.5,6,2000
3,-2.5,-3,2000
4,-11.5,-37,2000
3,-3.0,9,2000
3,-6.0,-10,2000
3,-1.5,8,2000
3,-13.0,-13,2000
2,-6.5,-1,2000
2,-6.0,-9,2000
2,-5.5,-5,2000
2,-3.0,15,2000
2,-6.5,7,2000
2,-7.0,-41,2000
2,-5.5,1,2000
2,-3.0,-3,2000
2,-3.0,16,2000
2,-7.5,3,2000
2,-4.5,-28,2000
2,-8.5,-7,2000
2,-3.0,-1,2000
2,-3.0,-6,2000
2,-6.0,17,2000
1,-6.5,-5,2000
1,-6.5,-3,2000
1,-2.5,16,2000
1,-6.5,-8,2000
1,-3.0,5,2000
1,-6.0,27,2000
1,-4.5,-3,2000
1,-2.5,4,2000
1,-10.5,-3,2000
1,-2.0,-23,2000
1,-3.5,13,2000
1,-1.0,-3,2000
1,-6.5,-5,2000
1,-10.5,20,2000
17,-3.0,-18,1998
17,-7.5,-3,1998
17,-6.5,35,1998
17,-3.0,-22,1998
17,-6.5,-21,1998
17,-1.5,-16,1998
17,-7.0,3,1998
17,-2.5,12,1998
17,-4.0,10,1998
17,-10.0,-7,1998
17,-5.0,8,1998
17,-12.5,-19,1998
17,-2.0,-9,1998
17,-3.0,7,1998
16,-4.0,-10,1998
16,-13.5,-40,1998
16,-3.5,-2,1998
16,-7.0,-3,1998
16,-3.0,7,1998
16,-7.0,-4,1998
16,-1.5,-21,1998
16,-6.5,7,1998
16,-10.5,1,1998
16,-6.5,-8,1998
16,-10.5,-4,1998
16,-3.0,-4,1998
16,-2.5,7,1998
15,-4.0,10,1998
16,-3.0,-7,1998
15,-7.0,-21,1998
15,-10.0,-22,1998
15,-3.0,5,1998
15,-8.5,-23,1998
15,-4.0,3,1998
15,-3.0,-4,1998
15,-3.0,-13,1998
15,-10.0,10,1998
15,-3.0,3,1998
15,-2.5,-3,1998
15,-4.0,-13,1998
15,-13.5,-6,1998
15,-13.0,-4,1998
14,-4.0,-2,1998
15,-7.0,-14,1998
14,-12.0,-7,1998
14,-4.5,13,1998
14,-4.5,4,1998
14,-7.0,-1,1998
14,-6.5,-19,1998
14,-13.5,-4,1998
14,-7.0,-15,1998
14,-9.5,-11,1998
14,-16.0,-26,1998
14,-3.0,-4,1998
14,-4.5,14,1998
14,-6.0,-2,1998
14,-1.0,-3,1998
13,-13.0,-24,1998
13,-7.0,10,1998
13,-3.0,-10,1998
14,-2.5,10,1998
13,-4.0,11,1998
13,-13.0,15,1998
13,-9.0,-27,1998
13,-3.5,14,1998
13,-6.0,-7,1998
13,-1.5,-4,1998
13,-8.5,-20,1998
13,-2.5,-2,1998
13,-7.0,17,1998
13,-18.0,-8,1998
13,-2.5,-10,1998
12,-3.0,-3,1998
12,-1.5,7,1998
12,-1.5,4,1998
12,-6.0,3,1998
12,-2.5,21,1998
13,-3.0,10,1998
12,-5.5,-8,1998
12,-1.0,3,1998
12,-5.5,-20,1998
12,-11.0,-26,1998
12,-12.5,-11,1998
12,-7.0,-23,1998
12,-3.0,-14,1998
12,-2.5,-15,1998
12,-3.0,-1,1998
11,-3.0,-3,1998
11,-3.5,7,1998
11,-3.0,4,1998
11,-4.0,23,1998
11,-6.5,-5,1998
11,-6.5,-1,1998
12,-12.0,-7,1998
11,-1.5,-3,1998
11,-3.0,-12,1998
11,-4.0,-25,1998
11,-3.0,-21,1998
11,-11.0,-21,1998
11,-1.5,-9,1998
11,-6.5,-23,1998
10,-3.0,-7,1998
11,-7.0,34,1998
10,-4.5,-2,1998
10,-3.0,8,1998
10,-4.5,31,1998
10,-14.0,-7,1998
10,-3.0,9,1998
10,-2.0,-3,1998
10,-4.0,-22,1998
10,-16.0,-17,1998
10,-13.5,-2,1998
10,-4.0,-1,1998
10,-3.0,-12,1998
10,-10.5,-13,1998
10,-9.5,-13,1998
9,-6.5,34,1998
10,-8.0,-10,1998
9,-4.5,3,1998
9,-5.5,5,1998
9,-7.0,13,1998
9,-3.0,-14,1998
9,-5.5,10,1998
9,-11.0,7,1998
9,-6.0,2,1998
9,-3.0,-14,1998
9,-2.5,-6,1998
9,-3.5,26,1998
9,-7.0,-22,1998
9,-6.5,-3,1998
9,-2.5,-7,1998
8,-6.0,7,1998
8,-6.0,3,1998
8,-6.5,7,1998
8,-9.5,18,1998
8,-10.5,-18,1998
8,-5.0,21,1998
8,-8.0,-13,1998
8,-2.0,-6,1998
8,-6.5,-25,1998
8,-2.5,-17,1998
8,-3.0,-6,1998
8,-1.5,16,1998
7,-6.5,10,1998
7,-18.0,-3,1998
7,-3.0,-1,1998
7,-3.0,-3,1998
7,-2.5,-27,1998
7,-3.0,-1,1998
7,-7.0,-14,1998
7,-7.0,-3,1998
7,-6.0,-10,1998
7,-7.0,-8,1998
7,-3.0,-30,1998
7,-13.5,-34,1998
7,-7.0,-7,1998
6,-6.5,-7,1998
6,-2.5,-5,1998
6,-5.0,-1,1998
6,-3.0,-13,1998
6,-6.5,5,1998
6,-3.0,-30,1998
6,-10.5,31,1998
6,-3.0,7,1998
6,-3.0,-20,1998
6,-7.0,-7,1998
6,-3.5,4,1998
6,-2.5,-5,1998
6,-2.5,14,1998
5,-7.0,13,1998
5,-4.0,-11,1998
5,-1.0,21,1998
5,-2.0,-4,1998
5,-1.0,-5,1998
5,-2.5,3,1998
5,-4.0,-17,1998
5,-15.5,-25,1998
5,-3.0,-28,1998
5,-7.0,3,1998
5,-2.5,-11,1998
4,-1.5,-21,1998
5,-10.0,-5,1998
4,-3.0,5,1998
4,-3.0,3,1998
4,-1.0,18,1998
4,-6.5,22,1998
4,-5.0,1,1998
4,-6.5,3,1998
4,-4.5,-7,1998
4,-7.0,7,1998
4,-8.0,3,1998
4,-11.0,-11,1998
4,-3.0,-3,1998
3,-4.0,24,1998
3,-8.5,-10,1998
3,-7.0,17,1998
3,-2.5,-21,1998
3,-6.5,-11,1998
3,-6.5,-23,1998
3,-4.5,1,1998
3,-10.0,-16,1998
3,-7.0,-14,1998
3,-9.0,-38,1998
3,-7.5,-12,1998
3,-7.0,7,1998
3,-4.5,-14,1998
2,-4.5,35,1998
2,-7.0,-1,1998
2,-8.5,-5,1998
2,-11.5,-5,1998
2,-7.5,7,1998
2,-10.5,-23,1998
2,-7.5,-19,1998
2,-7.5,-8,1998
2,-7.5,-6,1998
2,-3.5,-5,1998
2,-2.0,-3,1998
2,-7.5,6,1998
2,-8.0,-19,1998
2,-5.5,14,1998
1,-4.5,5,1998
2,-4.0,-5,1998
1,-7.0,-6,1998
1,-7.5,-7,1998
1,-8.0,-20,1998
1,-5.5,-28,1998
1,-4.5,38,1998
1,-4.0,7,1998
1,-3.5,9,1998
1,-2.5,-7,1998
1,-10.0,1,1998
1,-9.5,-19,1998
1,-3.0,7,1998
1,-1.5,-2,1998
1,-3.0,-24,1998
